TMDB_ID,季数,集数,名称,简介,剧照路径,播出日期,评分
95479,1,1,两面宿傩,虎杖悠仁是一位体育万能的高中生，某天他为了从“咒物”危机中解救学姐，而吞下了被诅咒的手指“两面宿傩之指”，让“宿傩”这种诅咒跟自己合而为一。,,2020-10-03,
95479,1,2,为了自己,虎杖醒后，面前的咒术高专老师五条悟告诉自己“秘密执行死刑”已经决定了，但五条告诉虎杖有两个选择，要么现在就死，要么把20根“两面宿傩的手指”全部找齐后再死,,2020-10-10,
95479,1,3,铁娘子,"虎杖、伏黑和五条在接完第3名高中一年级学生钉崎野蔷薇后，来到了一栋废弃大楼。五条告诉虎杖和钉崎前去进入废弃建筑里面把诅咒拔除掉即可完成课题。

建筑内部，钉崎在与虎杖兵分两路后，与将小孩当成人质的狡猾咒灵对峙了起来。",,2020-10-17,
95479,1,4,咒胎戴天,由于少年院发生了紧急事故，虎杖、伏黑、钉崎被派去前往该处。任务是在解决掉等级已经达到特级咒灵的咒胎的同时寻找并救出仍然活着的生还者。,,2020-10-24,
95479,1,5,咒胎戴天 二,宿傩解决了特级咒物，但虎杖却没有醒，没有拿回这具身体的控制权。宿傩攻击了等在外面的伏黑，两人打得难舍难分。但是面对强大的宿傩，伏黑没有丝毫的还手之力，很快落败了，但是伏黑始终相信虎杖一定会回来的。,,2020-10-31,
95479,1,6,雨后,"五条因为虎杖的死而感到不甘。因为同伴的死而感到心情沉重的伏黑和钉崎为了变得更强而和高二的前辈们开始了特训。

另一方面，夏油他们也开始了行动。

这时应该已经死了的虎杖却...。",,2020-11-07,
95479,1,7,急袭,五条悟在前往学校的路上遇见了前来伏击他的漏瑚.五条悟将虎杖悠仁也带了过来，让他做参观学习一下咒术战的顶点“领域展开”。,,2020-11-14,
95479,1,8,无聊,五条悟来见了一个神秘老人，原来这就是乐园寺校长，五条悟对他也加入了针对虎杖事件而十分不满。五条悟向乐园寺汇报了昨晚遇见漏瑚等人的事，五条悟觉得这一切的出现都不是巧合，之前那些迂腐的人千方百计想要压制的力量，即将如巨浪般袭来了。,,2020-11-21,
95479,1,9,幼鱼与逆罚,从高中逃学到电影院的吉野顺平亲眼目击到了同年级学生身体变形而死亡的惨状，为了抓住“犯人”，吉野顺着声音的方向跟了过去。然后，来到变成案发现场的电影院的虎杖与1级咒术师七海建人遇上了2只咒灵。,,2020-11-28,
95479,1,10,无为转变,虎杖和伊地知对吉野进行着调查作战，随后靠低级咒灵袭击吉野时候的反应来确认是否有问题的作战失败了。另一方面，七海正在与真人在地下水道互相交锋。,,2020-12-05,
95479,1,11,守旧愚蠢,在真人追上并打算劝降七海的时候，七海解除了咒力限制并使用十划咒法“瓦落瓦落”将地下水道的墙壁破坏掉，使其碎片如雨般降下。另一方面，吉野与虎杖见面后，发现两人在电影方面非常聊得来。,,2020-12-12,
95479,1,12,致曾几何时的你,真人利用了吉野，并教会他如何使用式神，然后吉野便和虎杖对战了起来。面对着为了复仇而暴走的吉野，虎杖在一拳一拳地档下进攻的同时伺机询问他到底发生了什么。从吉野的口中虎杖听到了残酷的事实，就在此时在两人的面前真人出现了,,2020-12-19,
95479,1,13,明天见,千钧一发之际七海及时赶到挡下了真人的攻击，拯救了虎杖。为了彻底消灭掉真人，七海和虎杖商定由七海先上前进攻，虎杖则伺机发动进攻。而真人还打算用改造人来打击他们的心灵时，虎杖趁机发动了攻击。在遭受到两人穷追猛打的联合进攻下，真人感受到了“死亡”的气息,,2020-12-26,
95479,1,14,京都姐妹校交流会—团体战〇—,京都咒术高专的学生抵达了东京。五条和虎杖为此准备了一个特大惊喜：于两校学生会面时揭示虎杖仍然存活的事实。,,2021-01-16,
95479,1,15,京都姐妹校交流会—团体战①—,京都校的所有学生要除掉虎杖这个目标，但东堂坚持要和虎杖单挑。对战中东堂惊讶于虎杖的强悍并因此对他产生好感。另一方面，东京校的其他人发现了京都校的意图。,,2021-01-23,
95479,1,16,京都姐妹校交流会—团体战②—,虎杖继续与东堂对战，而东堂借此传授要点。在另一面，机械丸和熊猫遇上了。他们两人都有一个共同点，也各隐藏着重大秘密。,,2021-01-30,
95479,1,17,京都姐妹校交流会—团体战③—,当三轮在真希的攻击下举步维艰之时，西宫则一边在空中穿梭一边对追赶她的钉崎述说着真依的难处。,,2021-02-06,
95479,1,18,贤者,伏黑躲避着加茂的箭矢轰炸，但他发现对手的近身攻击同样可怕。此时，狗卷感知到一个极具威胁性的存在。,,2021-02-13,
95479,1,19,黑闪,狗卷，伏黑和加茂挣扎着与特级咒灵花御对抗，真希适时地赶到提供急需的支援。,,2021-02-20,
95479,1,20,超规格,虎杖与东堂加入与花御的战斗。东堂解禁了自己的术式，与虎杖的黑闪合力发动攻击。凭借狡猾的术式和高达53万智商（自称）的大脑，东堂与他的超级好朋友（兄弟）虎杖一起愚弄了花御……,,2021-02-27,
95479,1,21,咒术甲子园,咒灵入侵东京校一役，咒术高专不仅出现人员伤亡，连特级咒物也失窃了。修整过后，东京和京都两校展开了棒球对决……,,2021-03-06,
95479,1,22,起始雷同,野蔷薇、伏黑惠和虎杖接到了一个新的任务，他们将去调查一系列神秘的死亡事件。却发现伏黑惠的姐姐津美纪也卷入其中，并处于昏迷状态，他们决定面对危险，拔除咒灵...,,2021-03-13,
95479,1,23,起始雷同 二,三人组对战特级咒灵时，钉崎突然被拉扯出领域，虎杖前去救援，留下伏黑惠独自战斗。伏黑惠重伤之时，回忆起五条悟的教导，觉醒力量成功展开领域，拔除咒灵。,,2021-03-20,
95479,1,24,共犯,"虎杖和钉崎与“咒胎九相图”兄弟中的崩相和血涂针锋相对，但是因为浸入了崩相和血涂的血，钉崎体内开始腐蚀。

即使被逼到绝境，钉崎还是亲自用钉子刺伤自己，发动“共鸣”。和崩相兄弟的忍耐比拼开始了。虎杖也不停地攻击着血涂......

本次的任务是以“两面宿傩之指”为开端。到底虎杖、钉崎、伏黑能否平安返回高专呢?",,2021-03-27,
95479,1,25,怀玉,据说屡屡有人下落不明，术师歌姬与冥冥被派去调查另有隐情的洋房。两人潜入洋房，发现了咒灵的结界术，立即采取行动，破坏结界。然而这时建筑开始崩塌，被抛到半空中的瞬间，出现在眼前的是……。2006年。最强两人不复存在的青春时光即将揭幕。,,2023-07-06,
95479,1,26,怀玉-贰-,五条与夏油接获任务，需「护卫」并「抹杀」一名少女，即是天元的适合者「星浆体」。「星浆体」──天内理子被咒诅师集团『Q』以及崇拜天元的宗教团体──盘星教盯上。五条与夏油摆平了旅馆的突袭事件，遵照天内的意愿，与佣人黑井户会合，前往天内的学校。而后新刺客现身……,,2023-07-13,
95479,1,27,怀玉-叁-,五条和夏油打败了天奈中瞄准赏金的诅咒者，然后天奈的手机突然开始颤抖。黑井被俘虏了。 考虑到绑架者想要交换人质，五条试图将天奈带回技术学院。 然而，天奈在去交易时却反悔了，决定和五条和夏羽一起去指定的交易地点。,,2023-07-20,
95479,1,28,怀玉-肆-,"""理子，我们回家吧。""就在夏油杰向理子伸出手的一瞬间，最糟糕的事情发生了。 甚尔出现在夏油杰面前，夏油杰目瞪口呆地站在那里。 甚尔告诉夏油杰：""我杀了五条悟。 夏油杰被激怒了，召唤出咒灵，攻击甚尔......""",,2023-07-27,
95479,1,29,玉折,"『2007 年 8 月』。 五条成为 ""史上最强""，开始独自执行所有任务。 不可避免地，夏油也越来越多地独当一面。 那个夏天，咒灵频繁出现，夏油不断地拔除和捕捉它们。 这到底是为了谁？ 然后有一天，某个人出现在夏油面前。 过去的事件导致五条成为了 ""最强 ""的咒术师，而夏油成为了 ""最坏 ""的诅咒师，那么事件的结果究竟如何呢？",,2023-08-03,
95479,1,30,原来如此,2018年。某一天，虎杖、伏黑、钉崎三人完成任务。虎杖正要去看电影，钉崎则是上街购物。伏黑看著两人，说了句“你们真是活力充沛”，独自一人搭伊地知的车子回去。钉崎与虎杖告别，买完东西，这时有一位女性向她搭话；“妳刚才是不是和虎杖在一起”钉崎听了这个突如其来的问题，吓了一跳。而这位小姐似乎认识虎杖，她的真面目是……,,2023-08-31,
95479,1,31,宵祭,为获得能够活动的肢体，京都校的机械丸──与幸吉私下跟咒灵阵营勾结。然而谈判破裂，与不得不和真人交战，便坐上他暗中准备的巨大的机械丸・究极机械丸绝对形态，加以应战。与一直将一切看在眼中，倾注至今被束缚的岁月所得到的咒力，不遗馀力。与究竟能否脱离险境，将咒灵阵营的计划告诉五条……,,2023-09-07,
95479,1,32,涩谷事变,『2018年10月31日19:00』于涩谷降下了『帐』。大批一般民众在困在『帐』之中，电波也遭到阻断。众多术师在涩谷集合，然而为了将伤害降到最低，五条单独前往涩谷车站地下月台。他在那里与漏瑚、花御以及胀相对峙；另一方面，与冥冥同行的虎杖遇见了理解人话的咒灵。咒术师、咒诅师与咒灵于涩谷集结，即将展开前所未有的大规模战斗──,,2023-09-15,
95479,1,33,狱门疆,于涩谷车站地下月台。即使一般民众被拿来当作挡箭牌，五条仍然彻底压制敌人，将漏瑚、花御与胀相逼入绝境。然而漏瑚他们的目的实为争取时间，以狱门疆封印五条。真人与大量改造人一同参战。漏瑚他们本来打算利用一般人当盾牌，消磨五条，然而五条使出了某个秘密对策……,,2023-09-22,
95479,1,34,昏乱,追寻真人，虎杖从明治神宫前车站往涩谷车站移动，这时缩小为包覆耳朵般大小的机械丸出现在虎杖身边。机械丸说出了最坏的事态：「五条悟被封印了」。虎杖等人本来半信半疑，后来听了机械丸的说明，理解了状况，展开行动，告诉所有术师五条遭到封印，前去营救五条……,,2023-09-29,
95479,1,35,降灵,虎杖与七海、伏黑和猪野会合，听从七海的指示，与伏黑以及猪野一同前往解除“禁止术师进入的帐”。虎杖使出打击却无法对“帐”造成任何伤害。因此三人想到，敌方可能刻意将结界的基础放在结界外的显眼之处，藉此提升结界强度。他们便前往涩谷街道上最高的高塔，然而那伙咒诅师却在那边等著他们——,,2023-10-06,
95479,1,36,钝刀,虎杖与伏黑攻破咒诅师粟坂的术式，成功解除“禁止术师进入的帐”。另一方面，七海完成了只有一级术师能申请的要求，回来与伊地知会合，却发现他被人刺倒在地。另外，在七海发现伊地知的稍早之前，钉崎与新田听从真希的指示，前去寻找伊地知，却在路上碰到咒诅师……,,2023-10-12,
95479,1,37,赫鳞,有了狗卷的协助，虎杖总算抵达了涩谷车站站内。这时胀相出现在他的眼前：「我要为弟弟复仇……！」不由分说地发动攻击。在交战途中，面对陷入苦战的虎杖，胀相问了一句：「我弟弟在最后有没有留下什么遗言？」,,2023-10-19,
95479,1,38,摇荡,冥冥与忧忧正在对付披着夏油杰外皮的某人所召唤出的特级特定疾病咒灵。冥冥冷静分析状况，与忧忧一起使出某个战术。在另一头，击败重面的七海与真希和直毘人会合，却遇到能力呈现未知数的咒灵。直毘人发动术式，展开高速攻击，但是……,,2023-10-26,
95479,1,39,摇荡-贰-,特级咒灵·多贵的领域展开“荡蕴平线”使七海、真希和直毘人陷入困境。在这个时候，伏黑前来帮助他们，为他们提供了生路，但甚尔也突然加入战局。处于暴走状态的甚尔直接攻击陀艮这位强者。与此同时，美美子和菜菜子在与脹相战斗中失去意识的虎杖身下……。,,2023-11-02,
95479,1,40,霹雳,醒来的宿儺不听漏瑚的建议，对特级咒灵漏瑚表现出压倒性的强大。另一方面，还不知道对方的身份，与暴走的甚尔对峙的伏黑。对压倒性的甚尔展开了勉强的攻防的伏黑——,,2023-11-09,
95479,1,41,霹雳-贰-,伏黑与甚尔交战后身负重伤，又被偶然经过的重面突袭。陷入濒死状态的伏黑拼命拖着沉重的步伐前进。他走到道玄坂宽敞的十字路口，运用自己的术式「十种影法术」召唤出某个式神……,,2023-11-16,
95479,1,42,理非,宿傩破坏了涩谷的街道，杀死无数人，击败了伏黑的式神。而后虎杖甦醒，亲眼目睹惨状。他面露悲壮的决心，如行尸走肉般跨出步伐；另一方面，七海精疲力竭，即使意识朦胧，依旧持续祓除成群的改造人。然而这时真人现身……,,2023-11-23,
95479,1,43,理非-贰-,虎杖与真人展开一进一退的攻防战，然而真人利用一般民众，这策略使虎杖陷入苦战。与此同时，钉崎不顾新田的拦阻回到战场上，巧遇真人的分身。真人企图杀死钉崎，重挫虎杖的灵魂，而钉崎则是一边提防真人的术式，一边应战。眼看攻击对真人无效，钉崎她……,,2023-11-30,
95479,1,44,理非-叁-,眼前的惨状使虎杖愣在原地，虎杖的内心已经承受不住。而事情按照自己的理想发展，身为「诅咒」的真人兴奋不已，想进一步将虎杖逼到绝境。然而在真人即将使出致命一击之时……,,2023-12-07,
95479,1,45,变身,虎杖自险境获救，在东堂的鼓舞之下，再次奋起。在激烈的攻防战之中，继虎杖、真人，东堂也跟着使出黑闪，三人各自引出了本身120%的潜在能力。真人使出真本事，发动「多重魂」、「拨体」，展开全方位范围攻击。虎杖、东堂与真人的最后一次互相诅咒正式开始。,,2023-12-14,
95479,1,46,变身-贰-,虎杖和真人的死斗刚结束的瞬间，“救救他吧，真人”，披着夏油皮的什么人向真人打招呼。瞬间虎杖发现站在眼前的那个男人和封印了五条的人是同一个人而对抗，但是被那个男人反复出现的夏油杰的咒灵操术阻止了。然后那个男人开始说某件事…。,,2023-12-22,
95479,1,47,涩谷事变 关门,涩谷事变迎来最终局面，咒术师集结，这时胀相察觉了寄生在夏油亡骸的「幕后黑手」的真面目。然后在绝命危机时出现的是特级术师 ── 九十九由基。九十九与「幕后黑手」各自讲述人类的未来（下一个阶段）。事变终焉招来破坏与混乱，世界骤变……,,2023-12-28,
95479,1,48,执行,,,2026-01-09,
95479,1,49,再来一次,,,2026-01-09,
95479,1,50,第 50 集,,,2026-01-16,
95479,1,51,第 51 集,,,2026-01-23,
95479,1,52,第 52 集,,,2026-01-30,
95479,1,53,第 53 集,,,2026-02-06,
95479,1,54,第 54 集,,,2026-02-13,
95479,1,55,第 55 集,,,2026-02-27,
95479,1,56,第 56 集,,,2026-03-06,
95479,1,57,第 57 集,,,2026-03-13,
95479,1,58,第 58 集,,,2026-03-20,
95479,1,59,第 59 集,,,2026-03-27,
296851,1,1,海市蜃楼之城,,,2025-10-05,
296851,1,2,第 2 集,,,2025-10-12,
296851,1,3,第 3 集,,,2025-10-19,
296851,1,4,第 4 集,,,2025-10-26,
296851,1,5,第 5 集,,,2025-11-02,
296851,1,6,第 6 集,,,2025-11-09,
296851,1,7,第 7 集,,,2025-11-16,
296851,1,8,第 8 集,,,2025-11-23,
296851,1,9,第 9 集,,,2025-11-30,
296851,1,10,第 10 集,,,2025-12-07,
296851,1,11,第 11 集,,,2025-12-14,
296851,1,12,第 12 集,,,2025-12-21,
296851,1,13,第 13 集,,,2026-01-04,
296851,1,14,第 14 集,,,2026-01-11,
296851,1,15,第 15 集,,,2026-01-18,
296851,1,16,第 16 集,,,2026-01-25,
296851,1,17,第 17 集,,,2026-02-01,
296851,1,18,第 18 集,,,2026-02-08,
296851,1,19,第 19 集,,,2026-02-15,
296851,1,20,第 20 集,,,2026-02-22,
296851,1,21,第 21 集,,,2026-03-01,
296851,1,22,第 22 集,,,2026-03-08,
296851,1,23,第 23 集,,,2026-03-15,
296851,1,24,第 24 集,,,2026-03-22,
305899,1,1,天帝重生,天帝叶云飞渡劫被偷袭，重生回武脉尽废的少年时，重开混沌神脉复炼体三重，打脸挑衅者，休掉变心未婚妻施小蝶，得青梅苏青洛相助……,,2025-11-22,
305899,1,2,楚楚动人,叶云飞返家打脸挑衅的叶强父子。见父亲后定下护家决心，去灵珍坊凭丹方和医术折服萧楚楚达成合作，同时察觉族内与四大家族危机暗涌。,,2025-11-22,
305899,1,3,族比大会,叶家族比开启，叶云飞先救身陷险境的小月与叶雪，三巴掌再虐叶强，随后以凌风神步加剑意碾压炼体九重的叶雷，反杀其偷袭后，直指叶仲年揭露夺权阴谋。,,2025-11-22,
305899,1,4,天帝要吃软饭？,叶云飞拆穿叶仲年勾结外家的阴谋，叶家亏空陷入还债的境地。就在此时，苏青洛萧楚楚齐齐伸出援手……,,2025-11-29,
305899,1,5,兽林夺宝,叶云飞主仆三人启程天兽森林，偶然救下一只小狐狸。与此同时萧无痕也爆笑出场，不过他似乎和叶云飞产生了点小摩擦？,,2025-12-06,
305899,1,6,百花定情,叶云飞被阴风佣兵团、林老等人围攻坠崖，幸好苏青洛及时赶到美救英雄！在百花谷苏青洛等来了叶云飞的深情告白，两人再续前世情缘。而另一边小月与周木也被追杀，叶云飞赶来救场，而他的实力似乎又精进了一步……,,2025-12-13,
305899,1,7,夺矿大赛,神秘男子被叶云飞成功医治，二人因此结交为好友。夺矿大赛也正式开启，秦安和叶云飞这一世第一次见面，火药味就已经拉满！面对三大家族联合出手，叶云飞该如何带领族人破局？,,2025-12-20,
305899,1,8,叶天帝手撕恶女,夺矿大赛的输赢施小蝶已不在乎，带着八阶魔兽赤火玄金蟒前来偷袭，一心只为击杀叶云飞！但叶家族人以性命相护为叶云飞拖延了时间，最终重伤施小蝶。秦安得知后暴怒而起要为施小蝶报仇！,,2025-12-27,
305899,1,9,宿命对决,紧急关头叶天风幡然醒悟，最终为了叶家献出生命，是叶云飞永远的大哥！夺矿大赛也进入到了最后的争夺，面对秦安天灵体的杀招，叶云飞强行突破，二人谁能插旗成功？,,2026-01-03,
305899,1,10,灭族之危！,叶家赢下夺矿大赛，庆功宴上叶云飞又当众求娶苏青洛，喜事连连，热闹非凡！却没想到意外突发，三大家族集合攻击叶家！关键时刻，叶家长老出关，纷纷突破修为，局势瞬间逆转，然而萧无痕却勾结城主围堵叶家，面对多方施压，叶云飞又将如何化解危机？,,2026-01-10,
305899,1,11,第 11 集,,,2026-01-17,
305899,1,12,第 12 集,,,2026-01-24,
305899,1,13,第 13 集,,,2026-01-31,
305899,1,14,第 14 集,,,2026-02-07,
305899,1,15,第 15 集,,,2026-02-14,
305899,1,16,第 16 集,,,2026-02-21,
305899,1,17,第 17 集,,,2026-02-28,
305899,1,18,第 18 集,,,2026-03-07,
305899,1,19,第 19 集,,,2026-03-14,
305899,1,20,第 20 集,,,2026-03-21,
223911,1,1,离乡,少年王林，家境贫困，一直受到王氏家族其他人的排挤。某日，王氏家族拿到修仙界【恒岳派】三个试炼弟子的名额，而王林有幸获得其中一个名额的机会。但由于自身修仙资质不够，王林只能靠展示自己的毅力和决心去赢得入门的机会。,,2023-09-25,
223911,1,2,入门,王林选择爬山试炼，想以此创造出被门派收取的资格。途中王林跌下山崖却意外遇到【天逆珠】并被其认可。珠内一位元婴级别的人物【司徒南】传授王林凝气口诀助其修炼。入门后，王林只能做个记名弟子，平日里只能打打杂活儿。靠着天逆珠的功效，自己身上的修炼不断获得提升，还意外发现提升天逆珠能力的方法。某日，王林被选中去做黄衣弟子，算是真正可以开始修仙了。,,2023-09-25,
223911,1,3,比试,王林怀疑收自己入门的那位师傅，给自己下了毒。一日，玄道宗弟子来到恒岳派准备进行宗门比试。王林被安排去喂养玄道宗坐骑【千足蜈蚣】。借此机会，王林从这只千足蜈蚣嘴里盗取一些毒液，用以毒攻毒来治疗自己。解毒之余，自己的修炼境界也意外地爆升至凝气十四层。,,2023-09-25,
223911,1,4,劫来,两宗比试的时候，玄道宗弟子出手狠辣且伤击无辜之人。王林出手阻拦，并以凝气十四层的修为，打败了玄道宗的大弟子，令所有人刮目相看。比试过后，玄道宗与恒岳派就此决裂。不久，恒岳派在失去元婴级别的前提下，宗门被玄道宗接管。在宗门破，王林反杀了那位一直想谋害自己的师傅，并决定隐居深山开始独自的修行之路。,,2023-10-02,
223911,1,5,故友,几年后，王林出山寻求筑基机缘，与一堆江湖人士同行。不巧却遇上了山贼，对方首领是一名散修【白展】，而王林从队伍中认出了曾经的好友【张虎】，但对方似乎被首领下了禁制。王林出手杀死了白展，解救了好友。两人决定去藤家城暂避风头，然而白展的师傅即墨老人已经委托藤家城家主帮助查找杀害自己徒弟的凶手。,,2023-10-09,
223911,1,6,藤氏,王林成功祭炼了从白展那儿获得的法宝飞剑，而张虎出门去倒卖之前获得的药材。谁知他们已经被藤氏家族盯上了。藤家城少城主【藤历】，已经找到并杀害了张虎，进而追杀王林至城外。天时地利都不具备的王林，要如何才能逃脱藤氏的追杀。。。,,2023-10-16,
223911,1,7,夺基,王林被藤历追杀至城外的迷障森林，这里有种植物蓝线藤会不断攻击使用灵力的生物，王林借用地形优势击杀了对方。藤化元感应到自己孙儿被杀，对王林使出元婴级别的诅咒。而王林不顾诅咒，依然对藤历使用了夺基大法。,,2023-10-23,
223911,1,8,死墟,王林筑基之后潜行修炼了三年，某日发现了一个被屠杀殆尽的村落，遇上了一个不会说话的怪人，之后还跟随他发现了一处极阴之地，正好是王林需要的修炼场所。王林没想到在这处的密室内遇上了尸阴宗始祖吴宇的元婴，此刻在密室外正有吴宇当年炼制的尸傀在寻找他的元婴。,,2023-10-30,
223911,1,9,入宗,王林被尸阴宗始祖吴宇传送到尸阴宗去求救。王林被尸阴宗始祖【夜自在】收入宗门，成为了尸阴宗的弟子。在修炼的同时，王林发现地底下有神秘高人在求救，而自己却能力不够。同时，夜自在派出一队只有筑基期的弟子去参加决明谷之战，却暗地里下令要夺舍王林。,,2023-11-06,
223911,1,10,悼劫,藤化元找到王林家族，屠杀了王家几乎所有的凡人，并收取了他们的魂魄。血脉相连的王林，虽然身处决明谷但还是感应到了这场惨剧。无能为力的他悲愤至极，头发瞬间变白，且下意识踏入了【极境】状态，筑基级别内无人能敌。,,2023-11-13,
223911,1,11,身灭,王林走出了决明谷，藤化元在此等候多时，正准备想动手杀了王林，却发现对方展示出了惊人的元婴期实力。交手几回之后，才意识到这是王林的幻术。王林最终不敌藤化元，身躯被灭，而魂魄却意外进入到了域外战场。,,2023-11-20,
223911,1,12,夺舍,王林在域外战场苏醒过来，发现自己肉身已经被摧毁，只是神识形态存在。碰巧遇到被狡黠之人迫害的青年【马良】。弥留之际，王林夺舍马良的肉身，最终获得重生。,,2023-11-27,
223911,1,13,法则,占据马良身体的王林混入同门的队伍，与师姐【周紫虹】等人一起，准备离开这个域外战场，无奈在逃跑期间还是暴露了自己并非马良的事实。王林也不藏着，威迫对方三人交出魂血。域外战场有法则限制，灵魂体无法离开这片区域。王林硬闯传送阵，并达到神识层面的极境，重回生灵界。,,2023-12-04,
223911,1,14,炼化,王林回到的生灵界，决定花时间闭关恢复修为。同时他发现自己的极境神识可以唤醒天逆珠和绿色小剑。一年之后，王林恢复到了筑基中期实力。某日，在火焚国火山深处，他采摘了焚金果树根，并无意中收服了一个生前是元婴级别的魂【许立国】。,,2023-12-11,
223911,1,15,火兽,战神殿始祖【凤栾】找上了王林，要求对方交出了其徒孙【周紫虹】的精血。之后，王林又遇上洛河门的人，被误认为是盗取他们丹药的贼。还好洛河门女修【李慕婉】出面帮其解围。路上王林遇上邪魔宗的二人，对方以为可以拿下王林，最后却被王林反杀，还被其获得土遁术。,,2023-12-18,
223911,1,16,迁国,王林在火焚国的火山中遇上了火兽，数量众多无法抵挡。天逆珠却吸收了火兽之王，补全了火属性，却引来无数火兽地追杀。火兽的爆发让火焚国各大宗门面临着灭国的危机，于是所有宗门决定一起迁移去别处。王林被凤栾收为记名弟子，一来算是保住王林夺舍马良的事情，二来凤栾似乎对王林还有其他需要利用的地方。,,2023-12-25,
223911,1,17,国战,火焚国各大宗门的元婴大佬们集中力量对火山口布下结界，同时启动护国大阵，希望能够暂时困住火兽，争取时间让【火焚盟】到宣武国站稳脚跟。王林在战场上轻松斩杀宣武国修士，希望能够获得完整版地图和天离丹。,,2024-01-01,
223911,1,18,雾海,王林反杀宣武国的结丹修士，获得金丹并达到筑基圆满境界。从战神殿凤栾那里拿到第二份地图后，王林得知火焚国对火兽的封印结界破裂，火兽开始向火焚盟所在位置追来。在逃跑的途中救下正在被追杀的李慕婉，为躲避火兽的攻击，二人进入了修魔海的领域。,,2024-01-08,
223911,1,19,杀蛟,王林携李慕婉至修魔海开辟一座洞府，要求李慕婉为其炼制天离丹，助其踏入结丹境界。为巩固洞府守护阵法，王林捕获并获取蛟龙尸骸。万事皆备只待结丹。王林对李慕婉虽然一直都保持着冷漠的态度，但二人相处还算和睦。,,2024-01-15,
223911,1,20,灵炉,王林选择去寒气最重的地方，花了几年时间修炼三丹合一。在达到假丹境界的时候选择复出等待天离丹。为了给李慕婉准备炼丹的丹炉，王林来到闹市购买五级炼丹炉，却遭遇斗邪派的修士追杀。,,2024-01-22,
223911,1,21,结丹,斗邪派出动结丹期的修士追杀王林，王林不得已逃回到洞府，借助阵法的阻拦，让李慕婉用炼丹炉尽快炼制天离丹。在阵法被破，李慕婉毅然准备赴死的时刻，王林结丹成功，元婴之下无敌，眨眼就可灭了任何结丹修士。,,2024-01-29,
223911,1,22,诛杀,王林带着李慕婉开始对斗邪教结丹修士进行追杀，并将被杀修士的残魂绑在龙筋上，甩在身后震慑他人。王林在击杀五名结丹修士的时候，中了对方下的【百日追杀令】。因此吸引来了众多修士的围观，个个想杀了王林夺取修为，却都成为了王林的剑下亡魂。,,2024-02-05,
223911,1,23,斗邪,王林来到斗邪派总部，斗邪派掌教【解东来】集结教众施展斗龙大阵。王林尝试多次之后，渐渐处于下风，但同时也发现斗龙大阵的破绽之处。,,2024-02-11,
223911,1,24,扬威,王林以极识之剑破了斗龙大阵，解东来身死道消，至此王林在修魔海立足。在休整几日后，王林亲自送李慕婉回洛河门，二人依依惜别。王林送李慕婉一滴魂血保她周全，李慕婉送王林玉简一枚内含防御大阵。,,2024-02-19,
223911,1,25,借势,王林来到火焚盟，想借神道术寻找自己突破至元婴的契机。不料被火焚盟的一位始祖阻拦。王林正欲离开之时，遇到了一位化神期高手八级魔君【端木极】的阻拦。了解到对方是看中了他的“死咒术”，并要他跟随去某处寻找宝物，王林只能答应对方要求。王林乘机借用对方化神期实力，迫使火焚盟允许他去参悟神道术。,,2024-02-26,
223911,1,26,群魔,王林参悟过战神殿的神道术之后，跟着八极魔君离开战神殿。在修魔海的碎星乱古传送阵处，八极魔君带着王林，与其他几位化神期老怪碰头，准备进入古神之地去探宝。,,2024-03-04,
223911,1,27,闯关,王林跟着一群化神期老怪来到古神禁地的入口，却遭遇到荒兽的袭击。化神期老怪联手都难以抵挡。王林假装被荒兽吞噬，之后从其体内突破。王林使用了李慕婉留给他的玉简，抵挡空间内看不见的生物的袭击。却最终发现凭自己还是无法离开这个禁地，而唯一的出路只有前进。,,2024-03-11,
223911,1,28,魔乱,古神禁地第一关似乎会将进入者随机投入不同属性的地方。王林为了能施展自己拿手的土遁术，选择来到一块荒凉之地。却不知遭到飓风袭击，飓风内部似乎有众多蝙蝠怪生物。王林利用许立国吞噬的蝙蝠怪魂魄，制造了第二个魔头，用它来统领飓风内部的小蝙蝠怪。,,2024-03-18,
223911,1,29,弑神,化神老怪之一的孟坨子毒杀了许多了小兽，引来了这一关化神大圆满境界的飓风兽王。自知实力不够，孟坨子吞食了自己的坐骑，并也提升至化身大圆满，豁出全力击杀了这一关的兽王。正想离开的时候，王林出手拖住了他，众多飓风兽一拥而上结果了力竭的孟坨子。,,2024-03-25,
223911,1,30,不归,王林用孟坨子的毒王鼎将自己的小剑再次炼化和提升。在经过第一关出口的时候，遇上了一座不归桥。不归桥幻化出王林的父母来迷惑王林，王林虽然有所动容，但还是毅然没有回头并走出了不归桥。在来到古神禁地第二关，王林发现这里处处是禁制。,,2024-04-01,
223911,1,31,禁山,这一关是禁制山，六欲魔君先前走过的地方，都有被他破解掉的禁制，而他又在原地留下自己改进的禁制，想给后来者设陷阱。王林在后面靠自己边学边破解禁制。就这样过了几年，王林的禁制之术进步飞速。这时候端木极也来到了古神禁地第二关。王林破解前面的禁制的同时，还需要改造已破解的禁制给身后的端木极挖坑。,,2024-04-08,
223911,1,32,破禁,在禁制山最后一个禁制面前，端木极追上了六欲魔君并与其打了起来。躲在暗处的王林，在这个时候火上浇油，触动最后一个禁制让其二人疲于奔命。两个化神期老怪受重伤眼看支撑不下去，选择拼死冲出了这第二关。王林没有选择跟进，而是继续花费数年时间破解了这最后的禁制。离开之时，神秘人【涂司】出现，告知王林是破解了禁制山所有禁制之人并获得大领悟者名号和奖励。而当王林来到第三关的时候，发现这里居然就是寂灭空间。,,2024-04-15,
223911,1,33,主宰,在第三关，王林找到了已经重伤的端木极，并从他口中套出了可以逃离这里的口诀。这时已死的孟坨子突然出现并杀死了端木极。王林在逃跑中把孟坨子引向六欲魔君，想借刀杀人并给自己留出时间逃跑。六欲魔君的师父【天魔散人】出现，阻挡了孟坨子。躲在天逆珠中的王林从他们的对话中得知，这个古神禁地寻宝其实是个谎言，这幕后主宰之人叫【拓森】，在禁地死亡的人都会复活成他的傀儡。而这个拓森现在已经把目标放在王林的身上。,,2024-04-22,
223911,1,34,成空,六欲魔君的师父把他带到了古神的识海内，解释了拓森被封印的事情，并欺骗和利用六欲魔君制作了古神记忆水晶，用来吸收古神的忆之传承。不曾想，这个水晶阴差阳错地被王林获得，并使其成了古神忆之传承的继任者。这时，被制作成傀儡的端木极出现，一心想灭了王林。,,2024-04-29,
223911,1,35,妖神,血海战将【朵目】从魔化后的端木极手中解救了了王林，并把他带去拓森之处。因为是吞魂的缘故，王林可以将拓森的封印给吞噬掉，但由于修为太低，吞噬速度有点慢。朵目带王林前往寂灭空间凝结魂核，同时告知与自己一起的有十一人会在拓森解封后起义反拓森，需要王林吞魂的身份到时候让古神的神识去反噬拓森。,,2024-05-06,
223911,1,36,传承,拓森欲取古神【忆之传承】，遇上了守护妖兽阻拦。【朵目】等人出手想再次封印拓森，然而未果并全部被拓森灭杀。王林察觉到【忆之传承】所在，果断舍弃肉身以吞魂形态从拓森手中抢先获得【忆之传承】。在历经两百年，吸收古神全部忆之传承水晶，并重新凝聚原本肉身。至此，王林终于可以离开古神之地。,,2024-05-13,
223911,1,37,云妃,王林离开古神之地重返修魔海，在碎星乱王林遇到两位修士。男修士是孟坨子的后辈，王林举手间便灭了对方。王林给女修士【墨云】下了禁制，让其引路来到麒麟城，找地方休整准备冲击元婴。,,2024-05-20,
223911,1,38,天劫,为了结婴，王林成功制作了禁幡，却引来天劫。王林受天劫打击，金丹受损，同时有成百上千的修士想出手抢夺禁幡。王林用极境秒杀对方并借他们的金丹来补损自己。在第一次尝试吞结婴失败后，王林意识到自己得另辟蹊径才行。,,2024-05-27,
223911,1,39,云天,要突破极境的限制，只能散功重新修炼。王林想起之前在战神殿学到的【神道术】，决定修炼出自己的分身，让其以凝气期修为去拜入【云天宗】门下，将来修炼达元婴再与本体融合。,,2024-06-03,
223911,1,40,缘续,王林拜入云天宗【周林】名下学习炼丹，结果接连失败而且还炸炉，无奈只得求助于师祖，谁料周林的师父正好是与自己分别了两百年之久的【李慕婉】。已经不再是马良身躯的王林，未能被李慕婉认出。同时，王林结交同门【程贤】，并在其帮助下获得筑基丹的丹方，并借此顺利进入筑基期。,,2024-06-10,
223911,1,41,逼婚,"程贤和他的坐骑大猿二猿被害，为了帮他报仇，王林召唤出真身并融合。李慕婉第一时间就感应到他，并跟着魂血印记找了过来。李慕婉急切地想与他相认，但王林却表现得相当冷淡。并且得知她不久就要与孙镇伟结为双修道侣的时候，还说出""恭喜""两字，这让李慕婉感到极度的失望。回到住所后的王林，心中还是无法接受李慕婉即将嫁于他人，终于来到李慕婉住处与其相认。",,2024-06-17,
223911,1,42,夺符,王林终于和李慕婉相认，并告知自己已恢复到原本身躯，且需要依靠分身才能让本体突破至元婴。在李慕婉赠送的各种丹药加持下，王林分身突破至结丹。而下一步凝结元婴，需要先破解王林手上的一个丹符。,,2024-06-24,
223911,1,43,结婴,王林和李慕婉联手，借用云天宗炼制五品丹药的时机，把七品丹药药炉上的丹封解除。王林全力冲刺结婴的时候，李慕婉这边被孙镇伟逼迫成亲，周林也被孙镇伟杀害。成亲当天，众多修士来到云天宗参加双修大典，忽然云天宗天崩地裂，王林突破到元婴了吗？,,2024-07-01,
223911,1,44,镇天,王林突破元婴出现在李慕婉的双修大典，镇压所有在场的云天宗元婴修士。孙镇伟与其父被王林当场秒杀。当云天宗五位始祖出现的时候，王林寄出古神禁幡，还动用了天劫之力，实力震慑所有人。拿下云天宗之后，王林将收到的魂血交给李慕婉，自己打算回到赵国，去找藤华元报灭族之仇。,,2024-07-08,
223911,1,45,索途,王林踏上回归修魔海的征程，寻找着古传送阵的踪迹。途中，他偶遇故人邱四平，一段新的故事就此展开。机缘巧合下，王林降服了一只强大的蚊兽，将其收为坐骑，驰骋于天地之间。最终，他成功找到了古传送阵，并将其开启，踏上了充满未知与复仇的道路。,,2024-07-15,
223911,1,46,夺灵,王林通过传送阵回到了赵国。在回到老宅祭拜了父母灵位时候，他意外遇到了王家四叔的后人。在了解到王家还有后人存活下来时，却又发现赵国百姓都被夺了灵根。先年在恒岳派的【张狂】师兄出现，并给王林解释这一切都是【天道门】所为，而其背后是藤家在撑腰。,,2024-07-22,
223911,1,47,旧怨,王林来到天道门，击杀了掌门，挟持藤家结丹晚辈说出为何赵国凡人都没有灵根的缘故。期间，即墨老人赶来想搭救藤家晚辈，却不料遇到了昔年的这位凝气期小辈。王林见到旧日仇人，哪儿能轻易放过。,,2024-07-29,
223911,1,48,斩九,【无锋谷】作为赵国曾经的第一大派，现如今却是藤家摆控的傀儡门派。王林找上门并表明来意：只杀藤家人。【藤九】作为元婴期高手，用赵国人灵根滋养的“天才”，狠辣凶残，但最终在王林手里过不了几招便魂飞魄散。,,2024-08-05,
223911,1,49,殇情,藤化元得知藤九被杀，派出【藤二】【藤三】【藤四】核心弟子追杀对方。王林轻松灭掉对方三人。【王卓】当年苟活了下来，但时刻记恨着藤家灭王家的仇恨。当得知前来灭藤者是王林时，欣然接受并忍痛杀害了自己的妻子藤秀秀并主动殉情。,,2024-08-12,
223911,1,50,藤一,【藤一】是元婴后期大圆满，且体内具有一滴古神之血。面对王林的极境神识毫不畏惧。王林祭出各种手段后，抓取了对方的古神之血，运用古神诀，最终灭了藤一。,,2024-08-19,
223911,1,51,灭藤,王林在轻松斩杀【藤五、六、七、八】四位藤家核心成员之后，与藤化元来了个正面交锋。不论藤化元是祭出通神剑，还是用全城人的魂魄祭炼出阵法来对抗，都不是王林的对手。,,2024-08-26,
223911,1,52,仇葬,四百年来，决定收集赵国凡人灵根用作元婴期高手冲击化神，是通天塔使者【林奕】的意思。玄道宗的【朴南子】和【林奕】先后出现要保下藤化元，最终不敌王林。王林击退了林奕，击杀了朴南子，藤化元也葬身于众多藤家冤魂的啃噬之下。,,2024-09-02,
223911,1,53,入世,灭杀藤化元全族后，王林偶遇一位婴变期强者。此人洞悉王林拥有极境神识，便将突破极境的奥秘和盘托出。为了突破至化神境界，王林毅然选择以凡人之躯，重入红尘历练。,,2024-09-09,
223911,1,54,凡人,王林以凡人身份体验世俗生活，也结识了周边邻里。在漫长的化凡过程中，王林细心雕刻着自己认识的人和物，也有自己击败过的敌人和妖兽。他积累的煞气也一点一滴地从体内消散开来并凝聚成丹。,,2024-09-16,
223911,1,55,化凡,王林继续体验着凡人的人生，与邻里关系也相处得很好。某日在戏院里遇到了多年前遇到过的老头，而对方似乎对于王林身上化凡的速度赶到惊讶。在老头显露自身的意境之后，王林被其带去白云宗踢宗，说是要让其感应化神期的意境。,,2024-09-23,
223911,1,56,意境,在白云宗，王林在老头帮助下获得白云宗三位化神期强者的意境感悟。时光匆匆，化凡时光又过去了十多年，王林外貌也渐渐变老了。一日，有个受了重伤的人来到王林铺子处求救。,,2024-09-30,
223911,1,57,雨鼎,王林为救下多年来一直供奉他的徐涛，出手击伤了一名白云宗的弟子，却引来其师父周武泰的正面对峙。究其原因都是为了一个“雨鼎”。王林与周武泰都正处于化凡入神的境界，二人虽未动手却在心境上进行了一番交手。多年后，王林从身边好友的去世中，触摸到了化神的心境，并被神秘高人【天运子】看中，希望其日后如有缘做他的记名弟子。,,2024-10-07,
223911,1,58,浊世,雪域国入侵王林所在的四级修真国，四派召集各方修士欲一同抵抗。王林不想参与，却招来四派的元婴杀手。多年不出手的王林，一出手便可以轻松秒杀元婴后期。大牛夫妇被凡人皇帝召集去除雪，生死绝望之际，王林助大牛一家三口去到邻国避难，而他自己准备去撞一撞围绕雨鼎带来的机缘。,,2024-10-14,
223911,1,59,红蝶,雪域国的一个女人【红蝶】，据说天生便是修炼奇才，出生时便有五行之灵凝聚并守护其一生。朱雀国为了拉拢红蝶默许其入侵四派联盟，好让雪域国升级为五级修真国，而雨鼎只不过是一个借口罢了。在入侵过程中，王林并未正面出战，而是在暗地里观察，并且在关键时机出手夺取了其五行之灵中的土灵，用来填补他天逆珠缺失的土属性。,,2024-10-21,
223911,1,60,灭国,雪域国的红蝶真身出现，同时带来了朱雀星的一位婴变期强者来助阵。四派联盟惨遭屠杀，周武泰重伤逃离。王林从周武泰那里获得雨鼎后离开，被雪域国长老追杀。在动用了天劫之力后，王林躲进天逆珠修养了5年。再出来的时候，雪域国已经在这块土地上建立的新的统治。,,2024-10-28,
223911,1,61,雪域,王林假借雪域国修士的身份，在雪域国内潜伏了下来，并研学雪域国的冰雕之法。在自己还有一年就要化神的时刻，决定回到赵国，在自己出生的国度完成这最后的一步。,,2024-11-04,
223911,1,62,化神,赵国一所破败的寺庙内，王林偶遇【墨智】，二人雨夜论道，让王林对化神有了更进一步的感悟。在回到昔日修炼的洞府内，王林本体和分身分开，分身走修仙之道，本体走古神炼体之道。并且还将陪伴自己几百年的极境神识分离了出来，变成了法宝。一年后，王林成功化神。,,2024-11-11,
223911,1,63,雷蛙,王林回到古神之地去祭炼和修复禁幡，此外还意外收获一只灵兽【雷蛙】。一年多的时间，王林已经为即将到来的仙界冒险做好了准备。,,2024-11-18,
223911,1,64,仙界,仙界之门开启，持有雨鼎的王林来到仙界入口，发现周边都是化神期以上的人物。进入仙界后，王林发现仙界宫殿曾经被某个大手一掌拍灭。在残骸之地，王林还找到了能够集结仙气的地点，靠此等机缘吸收仙气入体增进修为。,,2024-11-25,
223911,1,65,机缘,红蝶出手偷袭王林，可惜王林有各种保命手段，且用言语扰乱红蝶的道心。之后王林来到大罗剑宗的一个传送阵地点，跟随两位大罗剑宗的修士进入神秘洞穴，寻找仙宝。,,2024-12-02,
223911,1,66,同烬,碍于仙兽之粮的凶猛，王林不得已跟那位冒充大罗剑宗的修士合作。两人联手之余还相互防着对方。最终还是王林获得仙宝中的两样，而那一位修士身死道消。,,2024-12-09,
223911,1,67,荡威,王林逃离崩塌的仙界碎片之后，遇到巨魔族少主【叱虎】，并受邀一月后前往某个仙界的秘境。王林通过所获得的仙宝，得知【射神车】的存在，于是前往寻找。一月后，王林获得了射神车并前往与叱虎约定所在地，谁知那里除了叱虎还有【红蝶】。,,2024-12-16,
223911,1,68,险象,红蝶碰到王林，一见面就开打，叱虎极力调节才最终缓和他们的关系，答应先完成此次的雨界碎片探险再说。在路上，王林帮助三人摆脱【虚】的攻击。然而当他们刚到达目的时，忽然出现了个陌生的高手暗地出手袭击了他们。,,2024-12-23,
223911,1,69,夺爱,三人遇到的强者是五行宗的【周佚】，此人因为迷恋一具古代仙人美女的尸体，而被赶出宗门。但周佚看似并不想为难他们三人。这时出现尸阴宗的大长老【孙泰】，想从周佚手上抢夺仙人尸体。两位婴变期强者借用红蝶和叱虎的身体，就此开打。,,2024-12-30,
223911,1,70,觉醒,仙界碎片有崩裂的迹象，红蝶被王林斩下一只手臂后狼狈逃离。【周佚】以元神状态突破至问鼎期，然而自知命不久矣，将心爱之人托付于王林，还送出三个宝物：【问鼎之晶】，婴变期奴仆【孙泰】，以及存放仙人女尸的宝塔内含问鼎感悟。正当他准备赴死之际，仙人女尸“觉醒”并将周佚元神融入【雨之仙剑】成为剑魂，让其元神不灭。,,2025-01-06,
223911,1,71,噬主,女尸自称【仙君】，但是她醒过来的目的似乎是为了保住周佚，从而开始唤醒多把仙剑。王林修复好破损的星罗盘与叱虎本想离开仙界，却遇上大罗剑宗等大能纷纷出手想夺取仙剑。,,2025-01-13,
223911,1,72,剑狂,仙人女尸【婷儿】再次“死”去，剑魂【周佚】暴走，追杀罪魁祸首大罗剑宗的【凌天侯】而去。女尸和两把仙剑被王林的宝塔收纳，引来众多化神期修士围攻。婴变期的【孙泰】出手保下了王林和叱虎，其它在场修士都被灭杀。王林和叱虎离开雨界，而至此因为砍下红蝶右臂的【曾牛】的名字响彻朱雀星。,,2025-01-20,
223911,1,73,归来,王林离开雨之仙界之后，打算回云天宗与李慕婉相聚。此时的楚国正在被一名操控虫兽的化神修士【展白】所肆虐。正当他想收割云天宗，逼迫李慕婉成为他的侍妾的时候，王林赶了回来。展白认出了这个名为【王林】的家伙，其实就是雨之仙界里遇到的那个【曾牛】。,,2025-01-27,
223911,1,74,隐居,王林卡点救援李慕婉，生死意境下灭了展白。得知李慕婉结婴失败，寿元将尽，王林带着李慕婉重游修魔海，重建当年的故居，让她开心好多。而为了延缓李慕婉的寿命，王林决定去拍卖会争夺六品丹药。,,2025-02-03,
223911,1,75,花落,王林为了给李慕婉延长寿命，在修魔海寻觅六品丹药的丹方。为了集齐丹药炼制所需的材料，王林挑战其它宗门。即便如此，李慕婉还是不断虚弱下去。,,2025-02-10,
223911,1,76,战天,王林回归后，吩咐炼制六品归元丹以帮助濒死的婉儿结婴以延寿。此举忤逆天道规则，引天劫降临欲灭婉儿元婴，王林分身与本尊均不敌天道，最终合体稍有抗衡之力，关键时刻护送注入魂血的婉儿转世重生。,,2025-02-17,
223911,1,77,不舍,【王林】在守护新生【婉儿（周茹）】期间，朱雀国【红蝶】送来战书，此事被【王林】推脱，此时偶遇即将前往仙遗之地的【紫芯】一行人，被其邀请一同前往仙遗之地，【王林】对【婉儿】十分不舍之余，毅然前往，可借此机会获取轮回果使本尊成就真正的古神之体。,,2025-02-24,
223911,1,78,仙遗,王林在仙遗之地第三层遭遇堪比化神后期的五叶术咒师，展开激烈战斗。咒师施展五叶术招式，王林试图领教仙遗之法。战斗中，孙癫呼救，王林思索轮回果的数量，决定与咒师一战。,,2025-03-02,
223911,1,79,杀威,王林收取轮回果和轮回树后遭到仙遗族追杀，途中以射神车灭杀六叶齿木，遭七叶木邺追杀，王林手段尽出之下不敌遁入虚空，在虚空内凭借自身物资做消耗战，被前后堵截之下被迫毁坏虚空通道入口与木邺被困其中。,,2025-03-10,
223911,1,80,周茹,王林借用本尊逃离了仙遗之地，之后将年幼的周茹收在身边保其安全，同时也能够指点她修行之道。某日，雪域国派来一人挑战王林。王林虽能够轻松抵挡，但意外发现对方使用的一只手臂好像是司徒南的。王林与红蝶的十年之约将至，王林准备前往赴约。,,2025-03-17,
223911,1,81,绝杀,王林来到了朱雀国与红蝶对决。朱雀子亲自出席这场对决，而且王林也感觉到这场对决背后似乎有无形的手在操控。与红蝶开打后，王林起初一直都处于下风，在红蝶施展了绝情意境后，王林居然能够挣脱意境的控制，并在生死轮回的层面上有了更深的领悟。,,2025-03-24,
223911,1,82,弃子,王林与红蝶的对决落下帷幕，最终王林险胜。朱雀子派弟子【乾风】前去吞噬红蝶意境。红蝶惨遭炉鼎命运。朱雀子另一弟子【柳眉】被派去盯住王林，目标是在某日吞噬王林的意境。而王林早已感知到危险离开了朱雀国。在返回赵国途中，被传送到极北之地。在这里居然有婴变期的人物要追杀王林。,,2025-03-31,
223911,1,83,牢龙,王林被雪域国【李元封】和巨魔族老祖【罔】两位婴变初期围堵。王林身中李元封的茶之意境，又被巨魔老祖夺取仙剑。关键时刻，尸阴宗【孙泰】赶到，为保住王林全力反击对方两名婴变修士，但同时也将王林修为封印。混战后，李元封被击退，孙泰被传送去了他处，巨魔老祖肉身被孙泰放出的尸傀摧毁只剩元神逃走。王林修为尽失，成为了凡人。,,2025-04-06,
223911,1,84,大劫,王林重伤修为跌落为凡人，被一路强盗抓回去。在被关水牢中，王林靠着吸纳一些微弱的灵气恢复了些许修为。之后更是突破了一些禁锢，让自己恢复到筑基初期。为了能吸纳更多灵气，王林打算去当地的三大宗派之一的【炼魂宗】。,,2025-04-13,
223911,1,85,聚灵,巨魔族始祖重伤后，通过夺舍他人再次获得肉身，作为仙剑剑魂的许立国被迫效忠这位新主人。另一边，王林加入毗卢国的炼魂宗成为外门弟子，通过被分配到的洞府里的灵气，快速恢复修为。在冲破了身上一部分的禁锢之后，一路从筑基初期恢复到元婴中期巅峰。,,2025-04-20,
223911,1,86,炼魂,为了能吸取更多的灵脉之气，王林参加了炼魂宗的大比，顺利进入内门。除此以外，王林还不断打探这个宗门的炼魂之术的秘密。另一边，柳眉也来到了炼魂宗，并向王林表明了身份。,,2025-04-27,
223911,1,87,万魂,王林依靠在炼魂宗的灵气吸纳，已经将自身修为恢复到化神初期。柳眉再次出现，“好心”提醒王林红蝶已死，被王林看出其用心的险恶。为尽快将自身修为彻底恢复，王林决定挑战炼魂宗的一众化神修士。,,2025-05-04,
223911,1,88,遁天,炼魂宗老祖【遁天】现身，并明确表达了他对王林的期待，还主动送上三个大礼：撵走不怀好意的柳眉；给王林施加威压助其恢复修为；祭出大量魂幡内的魂魄让其吸收并把他的修为提升至化神后期。王林答应遁天将来要带领炼魂宗走出困境，并当下着手准备去雪域国报仇。,,2025-05-11,
223911,1,89,灭神,王林以合体状态回到雪域国，生死轮回卷轴展开，轻松击杀李元封，抽取其婴变期魂魄，并封印了雪域国所有修士的修为，让其沦为三级修真国，没有王林的许可无人可以突破至化神期。下一站，巨魔族！,,2025-05-18,
223911,1,90,陌路,王林找上巨魔族寻仇，叱虎纠结之下还是选择护族设阵，碎断他与王林之间的情谊。在击败叱虎并封印了巨魔族之后，王林通过许立国的气息找到巨魔老祖，借助尊魂幡击杀了对方，昔日血仇终得报！,,2025-05-25,
223911,1,91,双魂,王林击杀巨魔族老祖，获古神之血与魅姬法魂。李慕婉元婴即将苏醒，却与宿主周茹形成双魂之争。周茹察觉真相后痛苦隐忍，王林陷入两难。二战天道前夕，王林承诺保全二人却无力实现。,,2025-06-01,
223911,1,92,天命,天道二次降临，王林全力反击却发现天道的身影居然是古神之躯，而对方也发现王林居然同时具备古神之躯和意境。对峙期间，李慕婉不愿看到心爱之人送死，主动离开周茹的躯体。王林不得不将其魂魄放入天逆珠，并在悲痛中领悟了更深一层的生死轮回意境。,,2025-06-08,
223911,1,93,故人,王林不在朱雀星的这几年里，仙遗族爆发并与朱雀星上的所有修真国开战。王林赶回朱雀星赵国，为赵国击退仙遗族之后，王林回到了炼魂宗。,,2025-06-15,
223911,1,94,寄命,为了帮助王林获取足够进阶婴变期的仙玉，炼魂宗的遁天带着他去其它门派直接抢仙玉。,,2025-06-22,
223911,1,95,婴变,遁天让王林专心吸收仙玉，好尽快升级至婴变期。同时，朱雀子亲临炼魂宗，想要夺取尊魂幡，遭到遁天的极力阻拦。就在炼魂宗要被灭门之际，司徒南附身王林出现在朱雀子面前。,,2025-06-29,
223911,1,96,师恩,司徒南附身王林，吓退了朱雀子。遁天知晓了司徒南和王林的关系，庆幸炼魂宗没有毁在自己手里且将来肯定会恢复荣光，带着微笑献祭自己的魂魄给了魂幡。复活后的司徒南带着王林去吞仙遗族的祖灵，还要去极北之地寻找适合自己夺舍的躯体。,,2025-07-06,
223911,1,97,赌约,司徒南夺舍魔童需要一些时日。王林想起尸阴宗地底下的巨魔族人躯体，并打算抽取其精血补充自身的古神炼体，却不料遇上了仙遗族的妖媚女子。另外，朱雀子和仙遗族二祖云雀子正面对上了。二人相约三个月后再对决。,,2025-07-13,
223911,1,98,入墓,朱雀子明知已经无法阻拦仙遗族，断然决定打开朱雀墓，让朱雀星上的修仙者进去拿取自己的命魂，时限三个月。之后他便会让没有拿到命魂的人，包括仙遗族的人，一起陪葬。,,2025-07-20,
223911,1,99,千幻,王林进入朱雀墓，开始寻找自己的命魂，途中遇到各种由命魂演化而成的灵怪。同时，柳眉也找上了王林，想吞噬对方的意境来补充自己的千幻无情道的最后一幻。不料，王林祭出媚姬，让其去夺舍柳眉。,,2025-07-27,
223911,1,100,化蝶,王林寻找到李慕婉的命魂，而红蝶也被派来阻挠王林。红蝶残存的意识，请求王林杀死她。王林敬佩对方，成全了红蝶。众人来到朱雀墓门前，等待机会进入。,,2025-08-03,
223911,1,101,星引,众人进入朱雀墓，云雀子与拓森的傀儡化身僵持不下。云雀子想骗王林去触碰“星引”，从而拿到“修星之晶”。王林识破其阴谋，破除拓森傀儡化身的禁制。关节时刻，修星之晶主动飞入王林神识，并提出让其继承朱雀子的位子。,,2025-08-10,
223911,1,102,传承,王林拒绝朱雀传承，修星之晶引起所有人争抢。王林杀乾风，换回自己命魂。拓森分识出现，王林自曝尊魂幡也无能为力。,,2025-08-17,
223911,1,103,定局,墨智介入朱雀墓内的混乱，封印了拓森的分识，遵循了王林的推荐而指定周武泰为下一任朱雀子，将朱雀星三分之一的土地分给仙遗族。一年后，王林告别家乡，与司徒南一起离开了朱雀星。二人在交易星“搜刮”了一些宝物之后，决定分道扬镳。王林准备去天运宗。,,2025-08-24,
223911,1,104,天运,王林来到天运宗拜师，不想遭受到同门的某些人的排挤。王林忍让过后，决定出手闹个天翻地覆，击败来犯的几个师兄师姐们。天运子出面调解，并声称会在自己寿宴上正式公布收其为徒的消息。王林感知到自己想在天运宗活下去，还需处处小心。,,2025-08-31,
223911,1,105,斗魁,王林虽然只是新来，但在大师兄眼里他却是能够与自己竞争【天运七子】头衔最有威胁的人物。寿辰宴还有三个月，大师兄施了手段，将王林困住。谁料大寿宴会开启之时，王林突破至婴变中期，并冲破禁锢他的阵法，回到了天运宗。紫系一派的争夺之战即将开始。,,2025-09-07,
223911,1,106,闯宴,王林霸气回归天运宗，灭杀二师兄，并准备击杀大师兄赵星煞。然而关键时刻受到阻拦，赵星煞被师尊排除在天云七子的争夺之外。天运子说道之日，凌天侯带弟子来砸场子，被天运子用中品引仙术，将对方弟子传送至未知的“仙界”。,,2025-09-14,
223911,1,107,弃权,天运宗内只有黄宗和紫宗还没有出七子封号之人，黄宗弟子个个都在弃权，看似给一人让路，背地里感觉有重大疑问。轮到紫宗弟子，只有王林和师姐二人对战。王林虽有意弃权，但被天运子劝慰言语之下不让他弃权。王林胜过师姐，这个时候外出历练的陈涛返回，以问鼎修为与王林争夺七子封号。,,2025-09-21,
223911,1,108,碎仙,王林于碎仙之地突破极限，以二十七步刷新纪录，实现生死意境实质化，获天运子正式收徒。他放弃众多神通，选择神秘灰衣人所授的“杀戮仙诀”，并发誓出手绝不留活口。天运子赠其保命法宝后，王林前往地星历练，于灵岳国闭关悟道，终明杀戮真谛——唯杀可证道。,,2025-09-28,
223911,1,109,潮汐,王林从大罗剑宗的人口中获知当年的周佚魂魄已经分散，心中不免想起他曾经给予自己的恩惠，立誓终有一日要找到并复活周佚。同时，妖灵之地开启，王林以及大罗剑宗的十二人都跃跃欲试地想获得真正的仙宝。,,2025-10-05,
223911,1,110,黄龙,王林来到妖灵之地发现这里的人没有仙力却能操控阵法。在与当地部落的人接触后，王林打算在此地发展自己的势力。,,2025-10-12,
223911,1,111,根基,王林想在这妖灵之地，培养出新的炼魂部落。他将炼魂宗的修炼术传给了部落的族人，让所有人去自由发展。部落中的青年【十三】资质出众，却在一次外出打猎归途中被另一个族群的人打伤。王林前往对方驻扎地直接将对方部落切割带回了回来，并让其融入自己的炼魂部落。,,2025-10-19,
223911,1,112,入魔,王林给【十三】巨魔族的炼体术，让他恢复经脉并走炼体之路。另外王林还收了一位天赋出众的青年【虎咆】为弟子。来到妖灵之地四年了，王林打算前往古妖城谋求职位。面对实力强悍的妖将，王林抗下对方十崩拳意中的前七崩，被妖将另眼相看，获得成为统领资格，领妖兵一万。,,2025-10-26,
223911,1,113,统领,王林进入部队准备任职，却遭到副统领的刁难。王林忍让之后给下属们来了杀鸡儆猴，军中将士不敢再小看他。,,2025-11-02,
223911,1,114,破禁,姚惜雪以仙玉，血魂丹等物品。引诱王林去仙府抗下一剑，王林假装不敌假死坠崖，殊不知这都在王林计谋之中，当姚惜雪抗下第三剑，王林出现在背后将其封印，后进入仙府，得了仙酒机缘......,,2025-11-09,
223911,1,115,闯宫,王林喝了仙酒后陷入沉睡，醒来已是一年以后，已达婴变后期大圆满，但是另一边，自己营地发生巨变，十三被司马炎抓走，王林知道后愤怒闯宫，连破城门与妖将大战，最后得妖将赏识，成为副将，邀他助自己参加妖将大比。,,2025-11-16,
223911,1,116,乱京,王林从妖城带回十三后，返回炼魂部落，传授欧阳华抽魄术，传授十三巨魔族炼体术第二层，并让其将炼魂部落发展得更壮大，王林为了帮妖将，收回尊魂帆布置下其他魂帆，虎袍被天妖郡散魔救下，并传授神秘功法，两个月后王林遵守承诺，去往天妖郡，并让妖将寻一处地方，修炼杀戮仙诀！,,2025-11-23,
223911,1,117,帝剑,王林进入洪牢后，便开始修炼杀戮仙诀，练了许久未见成效，这时洪牢老者表示教他杀戮之法，让王林进入喂养帝剑的杀戮血潭，条件是事成之后杀掉妖将石萧，多日后，王林以生死轮回成功感悟杀戮，逃出血潭，但是惹怒帝剑被追杀，最后王林让莫厉海找了一处闭关之所成功练成三千多道杀戮之气...,,2025-11-30,
223911,1,118,琴音,王林成功练成功法后，跟随莫厉海前去拜访副帅，副帅提出试试王林能力，殊不知是自讨苦吃，一招便被王林打出内伤，直吐鲜血随后便紧闭大门闭关，回去后，大罗剑宗的未羊前来送战帖，提出跟王林一较高下，落下风后，祭出凌天侯的剑气，然而在王林面前，都是徒劳......,,2025-12-07,
223911,1,119,逆修,妖将大比当日，妖将石萧拿下首胜，他本想让莫厉海上场，却不料莫厉海已失去资格，此事无奈就此作罢。后来王林代其上场，一举拿下四胜。返程途中，王林遇见帝剑剑灵，便派出许立国。之后，他与妖帝对饮，酒后感慨万千..,,2025-12-14,
223911,1,120,执心,大比第二场开启，这一轮为敲响战妖鼓，大部分妖将敲响四到六声，这时候墨非上场，众人皆看好，最后一共敲响十一声，金总管让王林上场，跟他打赌，敲响五声就自断一臂，当王林敲完后又反悔让其敲响十五声，王林敲到十四声时有所感悟，直逼问鼎！！！！！,,2025-12-21,
223911,1,121,踏天,就在王林即将锤响第十五声时，金乌旭反悔出招想杀王林，正当妖帝准备出手相救之时，这时一神秘人物出手秒了金乌旭，十五声响起，引来天劫，王林硬抗之际却又引来二次天威，断了一臂，这时困于妖鼓中的古妖魂魄出现，与王林达成协议，为他扛下天威，王林七百年问道，最终问鼎成功。,,2025-12-28,
223911,1,122,散魔,散魔冲入仙府，直逼王林而来，王林自知不敌欲开启挪移神通，可被打断到了入魔果地，散魔再次追来，双方大战王林被逼吞食入魔果以杀念对抗，后以散魔盔甲得知散魔方位，一路追至火妖郡平原，妖帝得知王林杀了自己三万妖兵大怒，随即派出十万妖兵和一问鼎妖将欲杀王林，后王林以魔悟道...,,2026-01-04,
223911,1,123,第 123 集,,,2026-01-11,
223911,1,124,第 124 集,,,2026-01-18,
223911,1,125,第 125 集,,,2026-01-25,
223911,1,126,第 126 集,,,2026-02-01,
223911,1,127,第 127 集,,,2026-02-08,
223911,1,128,第 128 集,,,2026-02-15,
223911,1,129,第 129 集,,,2026-02-22,
223911,1,130,第 130 集,,,2026-03-01,
223911,1,131,第 131 集,,,2026-03-08,
223911,1,132,第 132 集,,,2026-03-15,
223911,1,133,第 133 集,,,2026-03-22,
223911,1,134,第 134 集,,,2026-03-29,
223911,1,135,第 135 集,,,2026-04-05,
223911,1,136,第136集,,,2026-04-12,
223911,1,137,第137集,,,2026-04-19,
223911,1,138,第138集,,,2026-04-26,
223911,1,139,第139集,,,2026-05-03,
223911,1,140,第140集,,,2026-05-10,
223911,1,141,第141集,,,2026-05-17,
223911,1,142,第142集,,,2026-05-24,
223911,1,143,第143集,,,2026-05-31,
223911,1,144,第144集,,,2026-06-07,
223911,1,145,第145集,,,2026-06-14,
223911,1,146,第146集,,,2026-06-21,
223911,1,147,第147集,,,2026-06-28,
223911,1,148,第148集,,,2026-07-05,
223911,1,149,第149集,,,2026-07-12,
223911,1,150,第150集,,,2026-07-19,
223911,1,151,第151集,,,2026-07-26,
223911,1,152,第152集,,,2026-08-02,
223911,1,153,第153集,,,2026-08-09,
223911,1,154,第154集,,,2026-08-16,
223911,1,155,第155集,,,2026-08-23,
223911,1,156,第156集,,,2026-08-30,
223911,1,157,第157集,,,2026-09-06,
223911,1,158,第158集,,,2026-09-13,
223911,1,159,第159集,,,2026-09-20,
223911,1,160,第160集,,,2026-09-27,
223911,1,161,第161集,,,2026-10-04,
223911,1,162,第162集,,,2026-10-11,
223911,1,163,第163集,,,2026-10-18,
223911,1,164,第164集,,,2026-10-25,
223911,1,165,第165集,,,2026-11-01,
223911,1,166,第166集,,,2026-11-08,
223911,1,167,第167集,,,2026-11-15,
223911,1,168,第168集,,,2026-11-22,
223911,1,169,第169集,,,2026-11-29,
223911,1,170,第170集,,,2026-12-06,
223911,1,171,第171集,,,2026-12-13,
223911,1,172,第172集,,,2026-12-20,
223911,1,173,第173集,,,2026-12-27,
223911,1,174,第174集,,,2027-01-03,
223911,1,175,第175集,,,2027-01-10,
223911,1,176,第176集,,,2027-01-17,
223911,1,177,第177集,,,2027-01-24,
223911,1,178,第178集,,,2027-01-31,
223911,1,179,第179集,,,2027-02-07,
223911,1,180,第180集,,,2027-02-14,
223911,1,181,第181集,,,2027-02-21,
223911,1,182,第182集,,,2027-02-28,
223911,1,183,第183集,,,2027-03-07,
223911,1,184,第184集,,,2027-03-14,
223911,1,185,第185集,,,2027-03-21,
223911,1,186,第186集,,,2027-03-28,
223911,1,187,第187集,,,2027-04-04,
223911,1,188,第188集,,,2027-04-11,
223911,1,189,第189集,,,2027-04-18,
223911,1,190,第190集,,,2027-04-25,
223911,1,191,第191集,,,2027-05-02,
223911,1,192,第192集,,,2027-05-09,
223911,1,193,第193集,,,2027-05-16,
223911,1,194,第194集,,,2027-05-23,
223911,1,195,第195集,,,2027-05-30,
223911,1,196,第196集,,,2027-06-06,
223911,1,197,第197集,,,2027-06-13,
223911,1,198,第198集,,,2027-06-20,
223911,1,199,第199集,,,2027-06-27,
223911,1,200,第200集,,,2027-07-04,
157741,2,1,死亡与落日,汤米在卡米掌控全局的紧张氛围中艰难周旋。,,2025-11-16,
157741,2,2,父债子偿,卡米遭逢意外，汤米警告库珀其涉足的危险关系。,,2025-11-23,
157741,2,3,近乎家园,汤米就财务问题与卡米对质；库珀的成功引来关注。,,2025-11-30,
157741,2,4,舞动虹光,一场惨烈的车祸让诺里斯家族迎来了审判之日。,,2025-12-07,
157741,2,5,海盗晚宴,汤米在应对多重危机;安吉拉举办晚宴欢迎 T.L.,,2025-12-14,
157741,2,6,灵魂的黑夜,汤米谈判一项风险极高的海上钻探协议，与卡米的紧张关系升级。,,2025-12-21,
157741,2,7,永远是瞬间,汤米和安吉拉的逃亡变得混乱;卡米的计划正受到质疑。,,2025-12-28,
157741,2,8,帅气触碰了我,汤米为父亲雇佣帮手，而卡米则做出了一个冒险的决定。,,2026-01-04,
157741,2,9,计划、泪水与警报,安吉拉救了安斯利;库珀在钻探现场展现领导力。,,2026-01-11,
157741,2,10,悲剧与苍蝇,混乱中，汤米与库珀重新会合。,,2026-01-18,
279593,1,1,第 1 集,,,2026-01-10,
279593,1,2,第 2 集,,,2026-01-10,
279593,1,3,第 3 集,,,2026-01-10,
279593,1,4,第 4 集,,,2026-01-10,
279593,1,5,第 5 集,,,2026-01-10,
279593,1,6,第 6 集,,,2026-01-10,
279593,1,7,第 7 集,,,2026-01-11,
279593,1,8,第 8 集,,,2026-01-11,
279593,1,9,第 9 集,,,2026-01-12,
279593,1,10,第 10 集,,,2026-01-12,
279593,1,11,第 11 集,,,2026-01-13,
279593,1,12,第 12 集,,,2026-01-13,
279593,1,13,第 13 集,,,2026-01-14,
279593,1,14,第 14 集,,,2026-01-14,
279593,1,15,第 15 集,,,2026-01-15,
279593,1,16,第 16 集,,,2026-01-15,
106379,2,1,开拓者,每一分钱都是一张选票。,,2025-12-16,
106379,2,2,黄金法则,家人是无价的。,,2025-12-24,
106379,2,3,堕落者,这个年纪的大多数孩子早早就夭折了。,,2025-12-31,
106379,2,4,雪中恶魔,鸟枪换炮。,,2026-01-07,
106379,2,5,第 5 集,,,2026-01-14,
106379,2,6,第 6 集,,,2026-01-21,
106379,2,7,第 7 集,,,2026-01-28,
106379,2,8,第 8 集,,,2026-02-04,
119769,3,1,来自日本的电话,一通电话让团队再次聚首。一个名叫依瑞的女孩打来求助，但省哲接起电话后，她却立刻消失了。团队发现了一个专门诱骗青少年的诈骗游戏，而幕后黑手是一间日本公司。为了找到依瑞，团队前往日本。,,2025-11-21,
119769,3,2,信任,道奇与黑帮老大松田会面的计划似乎进展顺利，他以自己的方式赢得了松田的信任，并逐渐接近他们所犯下的罪行。然而，一群意想不到的人出现了。国际刑警组织也在调查这宗案件，他们希望道奇协助调查，但道奇另有图谋。,,2025-11-22,
119769,3,3,出租车司机,吴司机几十年来在公司底下开出租车，他现在转成了开个人出租车，此举竟然成了他的绊脚石。彩虹运输发现吴司机的个人营业执照存在严重问题后，纷纷伸出援手。,,2025-11-28,
119769,3,4,因果报应,为了抓捕非法汽车公司，道奇开始大举收购他们的二手车。汽车公司主脑起了疑心，于是开始跟踪道奇。,,2025-11-29,
119769,3,5,一位老朋友,十五年前，东秀濒临绝境，正是那时他遇到了张代表。为了替儿子民浩讨回公道，东秀竭尽全力，却始终无果。张代表也竭尽所能地帮助他，但东秀却突然失踪了。彩虹运输听闻此事后，决定接手此案，展开调查。,,2025-12-05,
119769,3,6,记忆碎片,道奇和景求潜入赌场，接近林东贤。道奇甚至通过赌博控制了林东贤的健身房。与此同时，东秀晕倒，张代表则在床边发现了神秘的密码。,,2025-12-06,
119769,3,7,最后一击,道奇得知健身房被用来操纵排球比赛后，将健身房还给了林东贤，以便实施更大的计划。道奇假扮成来自欧洲的体育经理人，试图拉拢曾操纵比赛的球员郑延太。决赛当天，道奇给了郑延太致命一击。,,2025-12-12,
119769,3,8,幕后主脑,道奇和他的团队发现事件背后有一名幕后主脑，最终他们找到了他，但他并不好对付。,,2025-12-13,
119769,3,9,圈套,道奇驾驶的士时，救起了跳入汉江的偶像练习生卢美。卢美正面临出道危机，经理人设下的圈套可能会令她未能出道。听完卢美的遭遇后，彩虹运输的成员们潜入她的经纪公司，试图查明真相。,,2025-12-19,
119769,3,10,肮脏的真相,Elements出道当天，智安晕倒了，于是道奇在彩排时顶替她。姜茱莉社长对道奇更加信任，甚至向他吐露了自己的黑暗过去。,,2025-12-20,
119769,3,11,诈骗,崔组长试图独自帮助玛莉亚的妹妹多顺，结果自己却被骗了。彩虹运输的成员们得知有人也像崔组长一样，在二手交易软件购物被骗。道奇意识到这背后有一个庞大的组织。,,2025-12-26,
119769,3,12,可疑岛屿,道奇找到了诈骗软件的幕后主脑，但骗子却被一个开着运鱼车的人投下炸弹炸死。道奇和张代表追踪运鱼车，最终来到了三兴岛。岛民对道奇和张代表表现出异常的敌意…,,2025-12-27,
119769,3,13,知己知彼,道奇一行人潜入岛上，却遭遇了一连串意想不到的险境，真言、景求和高恩也未能幸免。道奇意识到所有队友都身处险境，最终展开了营救计划。,,2026-01-02,
119769,3,14,一网打尽,道奇和他的伙伴查明了三兴岛犯罪集团的犯罪历史，他们发现这个集团为了达到目的不惜杀人，于是制定了一个瓦解该组织的计划。然而，当犯罪分子发现他们的目的后，道奇也陷入了危险之中。,,2026-01-03,
119769,3,15,鸟巢,道奇得知曾与他并肩作战的刘善雅上士过世的消息后，立即赶往她生前最后服役的部队。刘善雅的死因并不寻常，道奇决定追查她生前执行的最后一次任务，以揭开她死亡的真相。,,2026-01-09,
119769,3,16,第 16 集,,,2026-01-10,
285788,1,1,东岛丹三郎想成为假面骑士,向往成为假面骑士的东岛丹三郎已40岁了，但他依然过着打零工和在山里锻炼的日子。就在这时，他看到了「修卡出现」的新闻……,,2025-10-05,
285788,1,2,我是塔克尔,对电波人·塔克尔抱有憧憬的冈田百合子，一边担任高中教师，一边于塔克尔之路上持续锻炼。而就在她坚持不懈时，修卡抢匪偶然出现在她的面前……,,2025-10-12,
285788,1,3,讨厌变成喜欢就会非常喜欢,东岛和百合子赶往修卡抢匪的犯案现场，却在那里遇见了真正的修卡战斗员。他与百合子合力对抗战斗员，然而，却出现了意想不到的存在……,,2025-10-19,
285788,1,4,最强的假面骑士是谁,由卡莉丝的真实身份是女修卡战斗员！在这之后，与她交往的三叶得知女友竟是宿敌，大受打击，并亲口讲述了他与修卡的恩怨情仇……,,2025-10-26,
285788,1,5,让我也当一下V3啊,接到由卡莉丝讯号而聚集的修卡战斗员们向东岛等人袭来！然而他们却反被东岛等人击退！原以为事情会就此告一段落，但他们的背后却出现了的可怕黑影……,,2025-11-02,
285788,1,6,把下酒菜给我点了,现出怪人真面目的蜘蛛男向东岛等人袭来！「假面骑士不会逃！」面对蜘蛛男，东岛毫不畏惧，使出了拼尽全身之力的骑士拳……,,2025-11-09,
285788,1,7,求求你将我变成修卡吧,中尾即将开始与云田的战斗，但他却在这时卷入了敌对黑道组织的攻击之中。就在他为了替大哥报仇而跑回房间时……竟看到云田变成了蜘蛛男……,,2025-11-16,
285788,1,8,强敌出现时假面骑士会怎么做？,在一叶的提议下，决定来举一场决定谁是最强者的淘汰赛！就在众人一边为了比赛进行特训的同时，解除了洗脑的前修卡战斗员们，也面临了新的威胁……,,2025-11-23,
285788,1,9,让我见识下你的骑士,决定最强的淘汰赛终于揭幕！首场对战是由东岛对决由卡莉丝。接着是一叶与三叶的兄弟对决。这场激战在所难免淘汰赛究竟会如何发展呢……？,,2025-11-30,
285788,1,10,你要拼上性命,淘汰赛第3回合的对决是东岛VS百合子。对于以最强火力在赛场上激烈交锋的两人，由卡莉丝仿佛看见了假面骑士与电波人塔克尔的身姿……,,2025-12-07,
285788,1,11,最强的是塔克尔,终于到了决赛——百合子对战三叶！两人在显著疲惫的情况下，一方是塔克尔、另一方则是骑士人，倾尽彼此最后之力的激烈对决！最后的赢家将会是谁！？以及，经历这场激烈战斗的战士们，也将回到各自的生活之中，但……,,2025-12-14,
285788,1,12,你们一起放马过来，骑士们！,为了慰劳完成最强决定淘汰赛的辛劳，大家决定在数天后于居酒屋二叶举办庆功宴。一叶在那里再次向百合子表白，但依然惨遭拒绝。在各自享受自由的愉快时光时，由卡莉丝感应到了修卡战斗员的气息……,,2025-12-21,
285788,1,13,我要与修卡战斗至死,原本作为庆功宴会场的二叶居酒屋包厢，因与中尾的战斗而变得一片狼藉……在目瞪口呆的东岛等人面前，怒火中烧的二叶现身，一叶也在慌乱之下转身逃走。二叶不甘示弱，紧追不舍，最终两人正面冲突！就在这时，二叶对兄长积累过久的怨与恨恶彻底爆发……,,2025-12-28,
285788,1,14,我想多了解人类,,,2026-01-11,
285788,1,15,第 15 集,,,2026-01-18,
285788,1,16,第 16 集,,,2026-01-25,
285788,1,17,第 17 集,,,2026-02-01,
285788,1,18,第 18 集,,,2026-02-08,
285788,1,19,第 19 集,,,2026-02-15,
285788,1,20,第 20 集,,,2026-02-22,
285788,1,21,第 21 集,,,2026-03-01,
285788,1,22,第 22 集,,,2026-03-08,
285788,1,23,第 23 集,,,2026-03-15,
285788,1,24,第 24 集,,,2026-03-22,
236534,1,1,天黑别出门,残老村的司婆婆在江边黑暗中捡到婴儿，村长取名“秦牧”。十一年后，少年秦牧放牛途中，无意间帮助“镶龙城城主夫人”脱困，争斗之中，瘸爷爷出手击杀，尸体被后来者发现，辨其伤口，扬言除魔卫道。,,2024-10-27,
236534,1,2,我是霸体,残老村众人帮助秦牧觉醒灵胎“霸体”，修炼霸体需喝四灵血，基础的刀法拳法，乃至使用元气属性将刀法拳法推到极致的神通。村长欺瞒了秦牧霸体为虚的事实，也教授了“霸体三丹功”。,,2024-10-27,
236534,1,3,小魔崽子,司婆婆带着秦牧出村教他“锁魂定身”，不料遭遇漓江派的“漓江五老”，司婆婆一人拖住五老，奈何分身乏术，秦牧惨遭其门下弟子追杀，逃跑途中尽显训练成果，引诱对方来到“可怕的地方”。,,2024-11-03,
236534,1,4,黑暗将至,秦牧逃亡途中撞见“魔猿”，周旋良久，漓江派弟子追来，当“魔猿”看到其身上鹿血，便将漓江派等人驱逐领地。秦牧以元气滋润身体，缓解伤势，元气大涨，破壁灵胎近在眼前。司婆婆拖延许久，最后秒杀漓江五老，瘸爷爷目睹全过程，两人互揭老底。黑暗将至，漓江派弟子再度追来，秦牧跟着异兽一路来到疑似“遗迹”的宫殿。,,2024-11-10,
236534,1,5,红粉骷髅,黑暗来临，秦牧躲进遗迹宫殿，漓江派五名弟子欲追其后，却死其二，众人与异兽在遗迹中和平相处，抵御黑暗；漓江派三名弟子欲取遗迹内异宝，再死其一；遗迹内惊现神魔交战情形，秦牧一人独面，琢磨出破开灵胎壁的法子，元气也有所精进；白昼已至，漓江二子欲再度对秦牧出手。,,2024-11-17,
236534,1,6,神魔共鸣,秦牧与漓江二子交手，对方的“一名女子”被师兄背叛，最终师兄不敌秦牧而战死，而他的“晴师妹”混入兽群并未殒命；秦牧对战曲师兄力竭，被晴师妹有机可乘，但残老村众人皆在此处观望，目的是为了锻炼秦牧，对方绝望之下被屠爷爷一刀斩死救下秦牧；通过这次的战斗，秦牧增进了霸体三丹功，并开始了元气淬体。,,2024-11-24,
236534,1,7,三音破壁,残老村九老发现了秦牧可以神魔共鸣的事，决定让他前往大墟历练；秦牧历练中无意来到一座庙宇，遇到了一个神秘女孩，没成想对方竟是妖，但她无法离开庙宇，被庙中铜像镇压，无法构成威胁；秦牧突发奇想，借助这尊铜像的禅音，结合自己神魔两音，三音破开灵胎壁，进入了灵胎神藏空间，在其中看到了神似自己小时候的灵胎。,,2024-12-01,
236534,1,8,破心中神,秦牧成功觉醒霸体，面对妖怪仙清儿反宾为主，搜刮不少宝贝，甚至全身而退；回到残老村后，九老对秦牧的霸体觉醒震惊不已；经历过神女关遗迹一遭的秦牧回来后，近日常常遭受神魔侵扰导致噩梦连连，瞎爷爷便授予一种可以直视神魔的瞳法，当秦牧望向残老村石像，其中隐秘浮出水面；秦牧外出遭遇魔猿，与之对战，化敌为友。,,2024-12-08,
236534,1,9,壁画寻古,瞎爷爷与牧儿相互救赎，九重天开眼法修至第一重，和魔猿对练并传授自己的本领；哑爷爷教秦牧用神霄天眼观火水，使其霸体二次觉醒，灵气拥有了水火双属性；魔猿带着秦牧去了自己躲避黑暗的遗迹，探得灾变前大墟的秘密，司婆婆在去镶龙城的路上发现了漓江派前来寻仇……,,2024-12-15,
236534,1,10,小骗子，大骗子,秦牧遗迹再遇妖魔，幸有魔猿相伴，与妖魔巧妙周旋，骗取两招半印法，逃过此劫；漓江派寻仇，九老应对虽绰绰有余，但也想借此机会考验牧儿修行成果，应对方江湖规矩，徒弟过招，此次秦牧将再次与漓江派交手……,,2024-12-22,
236534,1,11,漓江剑法,秦牧1v1单挑千秋，使用天魔自在印一击将其毙命；漓江派提前埋伏了阵眼，以阵请漓江，施展漓江剑法，瞎爷爷以臻至神境的枪法击毙漓江派掌教，其余门中高手不敌最后被灭门；经此一役，九老希望此次秦牧前往奶奶庙赶集，能涨点见识。,,2024-12-29,
236534,1,12,魔印禅心,残老村上奶奶庙摆擂台，聋爷爷采用激将法让更多人来打擂，为的就是秦牧能从中多学到些本事，谁知他人小胆大，竟一路赢到最后，轻轻松松守擂成功；大擂音宗参加打擂，勾起马爷伤心往事，与旧识对赌，战其徒明心，秦牧不负众望，用魔道功法催动禅宗威能，赢下赌约物品隙弃罗；残老村离开之际，遇见一路人寻接生婆，司婆婆出面应了此事。,,2025-01-05,
236534,1,13,深夜魅影,秦牧一行人抵达张庄寨，成功破解婴儿夭折之谜，平安诞生；夜深时，背后之人突袭司婆婆，秦牧用隙弃罗帮婆婆去除杂念反击，但还是让他逃了，好在有瞎爷爷坐镇，一击秒杀；众人返程时，秦牧对昨晚天魔教之人口中所说之事产生了些许疑问，司婆婆便将自己与天魔教的渊源告知于秦牧。,,2025-01-12,
236534,1,14,涌江龙宫,残老村迎来第二波大部队客人，圣教三百六十堂拖家带口讨要说法；司婆婆让牧儿去取鸡蛋，却敌不过鸡婆龙，备受打击，为一雪前耻苦寻功法，在途中遇到狐灵儿，因羡慕御风功法，便向其讨教，狐灵儿带着牧儿来到了一处遗迹，名为龙宫。,,2025-01-19,
236534,1,15,太子少保,秦牧深入龙宫发现竟有一男子被冰封印于龙骨之中，此人自称是延康国太子少保，秦牧上演好戏得剑技，并收获少保剑；司婆婆在遗迹外面等待秦牧，回程路上见到村外竟多了一个镇，来者天圣教祖师意图强硬带走司婆婆，一众残老出面阻止。,,2025-01-26,
236534,1,16,三百六十堂,司婆婆向众人揭示自己曾为天圣教教主夫人及圣女并弑夫拿圣典的往事，为了给天圣教一个新任教主人选，牧儿要与三百六十堂堂主进行车轮战，同时村长也终于松口愿意指点牧儿剑法，仅凭一招刺剑式击败剑堂堂主。,,2025-02-02,
236534,1,17,少教主,秦牧一人单挑天圣教三百六十堂的堂主，最终以惊人的霸体打败了所有人。秦牧不枉司婆婆的嘱托，成功当上了天圣教的少教主。而天圣教这边众人也个个欣慰终于找到圣教的继任者。,,2025-02-09,
236534,1,18,冰潮,秦牧在大墟的平静日子告一段落，延康国的到来给这里带来了危机，致使冰潮提前，为挽救事态，牧儿紧急求援仙清儿，大战怒佛铜手掌，谁料受制金钟不得出，幸好村长来相助，一剑将其解决！,,2025-02-16,
236534,1,19,残老挑江山,仙清儿介绍了小擂音宗的由来，秦牧借仙清儿元气清除浮冰，枪神赶到解除洪水危机，随后四大残老各展神通吓退延康军，瘸爷爷更是偷得少保剑鞘送给秦牧；大墟异变，老鬼挣开棺材钉脱逃。,,2025-02-23,
236534,1,20,不夜城,从前的天龙星宫，如今的镶龙城，教主夫人广邀英豪举办盛会。为阻止和谈，秦牧一行人来到了镶龙城，教主夫人现身，以圣典为饵，巧拨众人心思，天魔教失落四十年的魔典重现，令宴会局势变得波谲云诡。,,2025-03-02,
236534,1,21,杀了令郎偿饭钱,秦牧在镶龙城宴会上与傅庭岳正面交锋，以 “杀了令郎换酒钱” 激怒对方后，一刀砍下头颅，而后施展腿法脱身。出府后，秦牧遭遇多方高手追杀，但被潜伏的各个天圣教堂主暗中化解危机。与此同时，司婆婆牵制傅城主，展现出强大实力，暂时摆脱了众人对《大育天魔经》的觊觎。,,2025-03-09,
236534,1,22,延康大军,司婆婆以《大育天魔经》击杀镶龙城各方势力将领，后伪装城主和秦飞月谈判。与此同时，延康二十万神通者携巨兽压境，秦牧因守护大墟弃民的理念与灵毓秀决裂，昔日朦胧情愫终成立场对立，聋爷爷挥毫作画引动天象扰乱敌军。,,2025-03-16,
236534,1,23,天图太子,镶龙城进入全体战备状态，九老圣教齐心御敌。聋爷爷首次出手，他曾是天图国太子，一人作画可挡百万雄狮，当年醉心书画未闻国灭，今再提笔百魔拦路，天策剑出延康势在必得……,,2025-03-23,
236534,1,24,太阳船,延康大军遭遇十二巨人背负的神秘太阳船，延康无法抗衡这尊庞然大物，致使延康退兵五十年。太阳船中的神明注意到了秦牧身上的玉佩，村长默许，牧儿携带神秘玉佩登上太阳船，见到了太阳船的驾驭者太阳守。,,2025-03-30,
236534,1,25,牧日者,太阳船的降临带来了有关牧儿身世的线索，承载了牧日者和牧儿各自的期许。七殿下灵毓秀邀请秦牧共闯事业，秦牧借家中九个长辈设下的九关考验为理由拒绝了七殿下，但也答应事了之后会去延康国寻她。,,2025-04-06,
236534,1,26,暗界,秦将军威胁不成讪讪离开，大墟保卫战告一段落。九老各显神通为牧儿全副武装，功力深厚的村长终于出山再次踏足暗界以护牧儿周全，在途中他们遇到了神魔古战场的奇异景象。,,2025-04-13,
236534,1,27,死者生界,秦牧遇神秘女子陷入黑暗被府君所救，之后二人又遇到村长的旧友绫璟。暗界之路步步惊心，面对生者止步的告诫，牧儿村长毅然跟随玉佩微光踏入涌江源头遇到死者生界，此地模糊了生与死的界限，活人变成死人，而死人变成活人……,,2025-04-20,
236534,1,28,天魔众,伪装成村民的魔，指引牧儿村长寻找“无忧乡”。九重天眼识破神秘女子的伪装，村长为掩护牧儿被困，八部天魔众也在此刻杀到，牧儿须在众多虎视眈眈的敌人围攻下，化解危机……,,2025-04-27,
236534,1,29,斩魍魉,村长拖住魔神让牧儿先行逃离死者生界，秦牧在逃跑过程中先后遭遇天魔众追击，随后遇到一位神秘老丈抢夺玉佩，于是秦牧不得不与老丈展开激烈交战，最终凭借众多神通加持，战胜老丈。,,2025-05-04,
236534,1,30,月亮守,村长与夜游神谈判，发现苟延残喘的“月亮守”，牧儿遭骨头人穷追不舍只为抢走玉佩，还好靠机灵顺利脱身，但也通过此行清晰自身不足，为了变强走出大墟历练，村长爷爷为他准备了成年九考。,,2025-05-11,
236534,1,31,破关行,刚从暗界惊险归来的牧儿还来不及喘息，九老严苛的考试接踵而至！这是成长的试炼，也是未来命运的转折点……,,2025-05-18,
236534,1,32,剑履山河,牧儿九考终落幕，婆婆的偏爱，村长的托举，残老村的屋檐下藏着最朴实的爱。当相拥告别化作远行的序章，全村的牵挂便是牧儿闯荡延康的底气！,,2025-05-25,
236534,1,33,密水关,秦牧背负身世之谜从大墟残老村出发，借助圣教助力突破延康国重重封锁，在延康变法动荡、国师遇刺的局势中随同织染署前往京城。,,2025-06-01,
236534,1,34,尸仙教,堤江县惊现尸仙教血腥屠城，秦牧以凡躯抗尸毒护之，面对七星境尸仙教神通者的截杀，牧儿危在旦夕……,,2025-06-08,
236534,1,35,红尸蟞,面对尸仙教的穷追不舍，秦牧带着狐灵儿帅气反击，虽收割一位少掌教，但也遭到了红尸蟞的追袭，后得府尹虞渊初雨相助，牧儿获路引赶赴京城。,,2025-06-15,
236534,1,36,坏蛋出村,村中长辈因心系牧儿，相继离开村子。秦牧赴太学院途中化身士子结识卫墉，与其交流太学院课程，本想潜心学问，却遭遇驭龙门少门主龙娇男率蟒蛇截杀。,,2025-06-22,
236534,1,37,驭龙门,秦牧卫墉被驭龙门紧追不舍，幸得白虎军和七公子及时赶到，这才平安达京。路上也得知了宗派造反之因，牧儿猜测国师之事另有隐情。,,2025-06-29,
236534,1,38,水上天魔舞,牧儿受五音迭奏启发，一曲琵琶开启了五曜神藏；面对祖师留下的挑战，他竟不慌不忙地当起了花巷神医，还顺带检验了药理，夯实基础。,,2025-07-06,
236534,1,39,太学院大考,太学院大考开启，秦牧凭借自身实力顺利通过层层关卡，虽被考官视为邪性且遭遇名额黑幕，他却始终毫无惧色，进而顺势教训了凌云道人。,,2025-07-13,
236534,1,40,延丰帝,秦牧大考惊扰圣驾，自曝大墟弃民身份遭众臣针对，延丰帝力排众议收其为天子门生，宣言革宗派之命，震动朝野。,,2025-07-20,
236534,1,41,祖师大考,秦牧在祖师的考验下，探讨圣教未来，九龙鲫寓言背后，祖师暗藏深意。在听雨阁诊治期间，秦牧救治了一位被蛮狄国巫毒所伤的将士，并被邀请前往皇宫为太后诊治。秦牧深知此行凶险，但仍毅然前往。,,2025-07-27,
236534,1,42,千机毒,太后中毒牵出宫闱秘事，牧儿靠军事化推算法诊治，震惊太医。国师获悉解毒后虽称大势已成无需再下毒，但其心腹小毒王却因师门恩怨盯上秦牧。同时，秦牧在含光殿剑学课上初露锋芒，被剑学监丞剑三生单独召见。,,2025-08-03,
236534,1,43,三大高手,秦牧在士子居遭遇同门嫉妒与挑衅，凭借自身实力反击。初入天录楼，他见识到浩瀚的功法典籍，与狐灵儿一同探索。然而，当士子居三大高手历练归来，受大师兄一番煽动，为了争夺首席之位，其余二人将矛头指向了秦牧。,,2025-08-10,
236534,1,44,道门堵门,在接连挫败师兄师姐之后，秦牧将自身所学融会贯通。恰在此时，太学院突响备战警钟，道门丹阳子携道子林轩以问道之名强势堵门，立下三日战约。太学院数名士子含愤出手，却被道子林轩以六合境修为瞬息连败。,,2025-08-17,
236534,1,45,绕剑式,道子林轩展现惊人实力，接连击败多位士子，为挽回颜面，二皇子出战与林轩一较高下，却惨败于道门先天太玄功。为破局，国师亲自带伤授课，以独特视角重新定义剑法，传授太学士子三招新剑式，令众人叹服。,,2025-08-24,
236534,1,46,少教主与道子,国师讲学授课，道门不满其与魔道为伍，认为太学院士子庸碌。秦牧被迫下山与林轩展开较量，信奉神谕的道子和心中无神的牧儿，成败立判！,,2025-08-31,
236534,1,47,禅宗禅子,道子惨败打道回府，太学院未及喘息，禅宗接踵而至。秦牧欲避战养伤，却被祖师催促迎敌。太学院连战连败之际，司芸香主动迎战禅子拂心。,,2025-09-07,
236534,1,48,麻翻太学院,秦牧为取得龙麒麟宝涎，冒险炼制失迷香麻翻霸山坐骑，却意外引发太学院大规模中毒事件。面对祖师的质问，他陷入了自证清白的窘境。,,2025-09-14,
236534,1,49,师兄师弟,秦牧以弃民之身受封太学博士，霸山祭酒奉命对他进行单独教导，以探索培养天才的教学方法。在霸山督促秦牧练剑时，秦牧从其言语中认出师承。相认后，他们决心共赴塞外，夺回师父被诸神斩断的下半身。,,2025-09-21,
236534,1,50,武可汗,霸山祭酒带领秦牧与七公主出塞历练，队伍途经庆门关，穿越凶险的鸭舌头山林时，恰逢草原部族内斗，霸山祭酒展现武可汗威名震慑草原部族。,,2025-09-28,
236534,1,51,楼兰黄金宫,霸山携弟子重走当年路，以武可汗身份再临楼兰黄金宫堵门，直面巫尊。双方凛然对峙，最后共同约定以五曜境生死对决。,,2025-10-05,
236534,1,52,我，霸体,秦牧连斩四十名黄金宫弟子，凭借过人实力震慑全场。霸山为助其盗宝，引开巫尊等人前往雪山决战。激斗之中，秦牧先后斩杀思穆罗和丹巴罗，随后以大育天魔经假死脱身，并化身丹巴罗的模样智取守卫，潜入宝库。,,2025-10-12,
236534,1,53,麻翻黄金宫,秦牧只身搬空黄金宫宝库，并以失迷香麻翻守卫。众人携宝逃离时，暂避于边境村落疗伤休整，从村民口中得知塞外诸国内战真相。巫王搜寻而至，他们凭借提前布下的阵法躲过一劫。,,2025-10-19,
236534,1,54,天可汗,以阵法躲过巫王的搜寻后，秦牧与屠爷爷、瞎爷爷意外重逢。寒暄间，他得知巫尊换上了屠爷爷的下半身。为夺回躯体，素有天可汗之称的屠夫，一刀震慑黄金宫，迫使巫尊在大尊授意下归还身躯。秦牧随即施展从药师爷爷处习得的医术，帮助屠爷爷接回下半身。事了之后，秦牧告别爷爷们继续赶路，他们则返回残老村等待他的归来。,,2025-10-26,
236534,1,55,转世圣童,秦牧一行抵达边关时遭遇阻拦，蛮狄国可汗幼子班公措权衡利弊之下，对其下令放行。与此同时，赶来的巫尊发现班公措的体质与大尊相契合，将其选为转世圣童。祖师决意辞官离开太学院，临行前与同道坦诚对话，坚定阐述改革宗派的正道理念。,,2025-11-02,
236534,1,56,圣教主登基,天圣教弟子云集雍州，秦牧正式接任圣教主之位，承接开山教主魏随风的传承，坐于圣人石上，立下护教与传承的责任。而登基大典的背后，道门视新教主为苍生之祸，决意除之；大擂音宗也因禅子败于教中弟子司芸香，对天圣教心存忌惮。,,2025-11-09,
236534,1,57,功法大一统,祖师临行之际，天圣教弟子全员恭送，感念其百年教诲与毕生扶持。秦牧短时间内练就传送法门并参透大一统功法，令教中天王惊叹不已，短暂停留后，心系太学学业的他决定启程前往京城，不料行至半途，便意外卷入坬州的乱世漩涡之中。,,2025-11-16,
236534,1,58,虫军,在前往京城的途中，秦牧与亦盗亦商的梵云霄同行，并获赠道门秘典《太玄算经》。回到太学院后，秦牧收服了祖师的坐骑龙麒麟，却旋即面临新任大祭酒顾离暖的刁难，幸得霸山祭酒出手维护。国师的突然到访，一语道破秦牧身为天圣教圣教主的秘密……,,2025-11-23,
236534,1,59,知行合一,秦牧面见国师展开理念交锋，以悬顶之剑喻教派存亡。秦牧欲修炼九转三证玄功融合霸体三丹功弥补左肩破绽，却因误抓贡鱼红龙鲤并砍伐皇家上进树，从而触犯律法被召入宫。幸得太后机智进言扭转局面，鉴于此事，延丰帝与秦牧密谈，一番交底之后，秦牧遂奉旨前往丽州平叛。,,2025-11-30,
236534,1,60,阴间突袭,秦牧率队提前抵达丽州，拜会了丽州府尹虞渊初雨。前线传来收复鹿县的捷报，但秦牧察觉异常，从战场符文中识破了九幽门的陷阱，他虽果断下令弃城撤离，却为时已晚，太学院援军已被一扇凭空出现的诡异大门瞬间吞没。,,2025-12-07,
236534,1,61,调鬼遣神,孝义叛军兵临丽州大营，丽州形势岌岌可危。秦牧等人假扮洪山派弟子混入叛军，在驭龙门少门主的监视下，冒险施展未曾学过的调鬼遣神符字令。,,2025-12-14,
236534,1,62,都天魔王,秦牧在祭坛上尝试召唤魔神，但仪式意外失控，导致都天魔王的分身降临天波城。霎时间，血色炼狱笼罩城池，众生危殆。而魔王更以魔语催动祭坛，为真身与天魔众打开了降临此界的通道。,,2025-12-21,
236534,1,63,血祭,天波城因秦牧召唤都天魔王分身大乱，天魔屠戮四方。秦牧入城欲毁魔王雕像，却遭魔王真身压制。危急时刻，哑巴爷爷放出剑丸化作剑群抵挡魔王。延康国师赶到，一剑斩杀都天魔王，瓦解黑幕屏障。同时，延康大军也兵发天波城，平定天魔之乱。,,2025-12-28,
236534,1,64,两条路,秦牧召魔王助延康大军收复天波城，却因殃及无辜被国师判功过相抵。事后国师与秦牧闲谈变法困境，又指点他修炼五曜神藏之法。大军挥师南疆后，国师以朝廷、江湖两条规矩逼降叛军，暗中则让秦牧为其疗伤，而旧时代三老怪与南疆宗派已暗中布下杀局，静待国师入瓮。,,2026-01-04,
236534,1,65,强者如云,延康国师率军抵达大襄城，与旧时代三位神桥境巅峰强者及天下英雄对峙。各方势力汇聚于此，一场决定天下命运的决战蓄势待发。,,2026-01-11,
236534,1,66,第 66 集,,,2026-01-18,
236534,1,67,第 67 集,,,2026-01-25,
236534,1,68,第 68 集,,,2026-02-01,
236534,1,69,第 69 集,,,2026-02-08,
236534,1,70,第 70 集,,,2026-02-15,
236534,1,71,第 71 集,,,2026-02-22,
236534,1,72,第 72 集,,,2026-03-01,
236534,1,73,第 73 集,,,2026-03-08,
236534,1,74,第 74 集,,,2026-03-15,
236534,1,75,第 75 集,,,2026-03-22,
236534,1,76,第 76 集,,,2026-03-29,
236534,1,77,第 77 集,,,2026-04-05,
236534,1,78,第 78 集,,,2026-04-12,
305227,1,1,两只猴子,生于尾张中村贫苦农家的小一郎，满足于耕田种地、与泥土为伴的日子。某天，一伙山贼袭击了村子，他的青梅竹马阿直差点被掳走。危急关头，救了他们的竟是时隔八年回到家乡的哥哥藤吉郎。藤吉郎效力于年轻的武将织田信长，一心想飞黄腾达。他请小一郎做自己的家臣。,,2026-01-04,
305227,1,2,祈愿之钟,,,2026-01-11,
284512,1,1,陆江来查案初遇荣善宝,临霁，荣府，世代产茶，这里的养殖大户荣善宝，虽然是一介女流，但是勤恳极致，雷厉风行，做起事来丝毫不弱于男子，多年来生意遍地，万贯家财，慕名而来的男子也不计其数，荣府逐渐繁荣，但也是女子掌权，有些像传说中记载的女儿国。,,2025-12-29,
284512,1,2,陆江来遇刺坠崖得荣善宝搭救,近日来，临霁出现了一桩杀人行凶的案件，凶手疑似在为荣府老太太祝寿的空档躲进荣府，从此潜藏下来，案件性质非常恶劣，受害人卫克简不断在牢狱喊冤，无数官员因为办案不力，被皇帝苛责降职。陆江来临危受命，依然决定接下案子。,,2025-12-29,
284512,1,3,陆江来向荣善宝献上卖身契表忠心,荣筠溪向来对荣善宝得老夫人的专宠心怀记恨，平日里没少生出事端。这一日，瞧着府里满是求娶荣善宝的人，她满心期待，巴不得能早日看到荣善宝出丑。在荣善宝的府中，她看到了荣筠纨，那是她们的妹妹，母亲因难产体质受损，不久后便郁郁而终。,,2025-12-29,
284512,1,4,荣善宝让陆江来戴面具顶替温粲武试,清晨，荣善宝径直找到陆江来，神色严肃地叮嘱他，切不可教温表哥那些稀奇古怪、夺人眼球的技巧。陆江来听闻相关话语后，目光直直地投向荣善宝，眼神里满是探寻。见荣善宝轻轻摇头，他眉头紧皱，神色间透着疑惑与不满，再次将视线聚焦在她身上。,,2025-12-29,
284512,1,5,陆江来被指盗窃凭朱砂计自证清白,晏白楼的身份很快被人查得清清楚楚，众人惊觉此人身份尊贵非凡，与荣府世代皆有联姻之缘。这一消息如同一颗石子投入平静湖面，在众多男客心中激起层层涟漪，一些心思复杂之人顿时揪紧了心肠。,,2025-12-30,
284512,1,6,陆江来为救温粲受伤,管事领着一众男子前往采茶基地。采茶女细致入微地讲解着采茶的步骤与炒茶的技巧，荣善宝特意叮嘱温灿用心学习。温灿却满心不屑，觉得采茶并非男子该做之事。程管事带着众人将基地大致走了一遍，随后出了考题，让众人比试采茶和制茶。,,2025-12-30,
284512,1,7,荣善宝陆江来在花园亲密荡秋千,陆江来被掌事严妈妈训斥没有及时禀报炒茶的事情，陆江来解释由于时间紧迫来不及事事禀报，严妈妈斥责其竟然敢这么和自己说话，此时荣善宝来到，自称是她给的胆子和权力，严妈妈还提出生怕荣善宝抬举这个人引起别人不满，但容善宝霸气表示她想抬举的人，没人敢置喙，严妈妈吓得也不敢多言。,,2025-12-31,
284512,1,8,荣善宝拆穿陆江来的苦肉计,杨鼎城由于打伤了陆江来，且出现了中毒的样子，而被荣善宝叫来训斥，杨鼎城一脸又愤懑，他坚称自己绝未下毒，讽刺陆江来只是擦破了点皮就躲在女人身后寻求庇护，并且认定这是诬赖和构陷，斥责陆江来就是小白脸。荣善宝面色阴沉，让手下将杨鼎城决斗时所用的剑拿了出来。,,2025-12-31,
284512,1,9,陆江来助荣善宝顺利渡过茶祖祭,管事宋筠溪一脚踢倒了男宠，责怪其忘恩负义，自己允许他在府中安身立命，可他竟然私下里收了贺星明的好处，帮着贺星明掩饰下毒之事。盛怒之下将其赶出去。男宠赶出府去。没想到他反而越发张狂起来。,,2026-01-01,
284512,1,10,荣善宝被迫选杨鼎臣为婿,陆江来提及刚才六小姐是怎么回事，荣善宝想起小时候的事情，那时候母亲刚刚过世，屋子里没人主持事情，而宋筠溪作为老爷最宠溺的房内人暂时主持大局，责打纨纨，从那时候开始纨纨就痛恨蝶恋花，见到之后就恨不得碾碎。,,2026-01-01,
284512,1,11,荣善宝要和陆江来“做夫妻”,晏白楼应老夫人之邀前往赏月，行至走廊，与荣筠溪不期而遇。荣筠溪频繁出现在晏白楼的必经之路，其意图昭然若揭。晏白楼心如明镜，知晓对方有意接近，遂直言回绝，称其并非能令自己开悟之星，而后径直离去。,,2026-01-02,
284512,1,12,陆江来恢复记忆,陆江来询问荣善宝是要和他做一日欢好，还是一世欢好，但荣善宝却并没有给一个准信，陆江来执拗的不肯同房，荣善宝以退为进的要离开找别人，陆江来却将她拦腰抱起放在床踏上，只是他贴心为荣善宝盖好被子，并不肯占有荣善宝，强调什么时候荣善宝给了准信，什么时候在一起，荣善宝也不由得笑他是个呆瓜，但并不勉强。,,2026-01-02,
284512,1,13,荣善宝告知陆江来真实身份,小厮将陆江来安全带回荣府，陆江来的胳膊受伤，流血不止。荣善宝听到消息，匆匆赶来，一边亲手为陆江来包扎，一边讲自己调查到的陆江来的过往，告诉陆江来他原本是皇帝派来江南的巡案，受人算计，跌入悬崖，后续则要抽丝剥茧寻找背后使诈之人，荣善宝让陆江来小心那个朗大人，陆江来半信半疑，但是自己刚刚出了荣家，就被人下黑手，可见这些人一直都没有放过他，幸好荣善宝将他保护在荣府，才能够幸存至今。,,2026-01-04,
284512,1,14,荣善宝被贺星明劫持,贺星明做贼心虚，当晚只身去见荣善宝，先是挖苦荣善宝忌惮外人说荣筠纨才是真正的茶骨，早就想除之后快，还反问荣善宝当初被迫选择杨鼎臣是因为担心秘密被暴露。荣善宝发现了贺星明的状态和平时不一样，尽量不激怒他，很快陆江来找了过来，贺星明看到自己的行径败露，以荣善宝做人质。,,2026-01-05,
284512,1,15,陆江来获荣善宝信任入住其闺房,温粲擅自截住了陆江来送出去的一封迷信，并且在糕点中发现了一个隐秘的蜡信，温粲将物证带到荣善宝面前，荣善宝半信半疑，但还是力保陆江来，众人退去之后，陆江来告诉荣善宝，这封蜡信的内容是让自己的师父速速赶来临霁，来证明他才是真正的江南巡案。幸好刚刚荣善宝选择了相信陆江来，这一次，为了保护陆江来的安全，荣善宝亲自下令让陆江来搬去她厢房那里住。,,2026-01-05,
284512,1,16,陆江来被人构陷,荣府门口闹嚷嚷，有个妇人带着三个孩子敲门要人，这妇人自称是陆江来的发妻，现在带着孩子找父亲。陆江来根本不曾结亲，但是看到这种场面也着实为难，荣善宝走到门外，妇人一口咬定自己夫君的肩头有一颗痣，荣善宝向君带求证，君带跪在地上哆哆嗦嗦称确实如此，荣善宝不能荣府遭人诟病，为了防止事态进一步扩大，荣善宝将陆江来赶出荣府。,,2026-01-06,
284512,1,17,陆江来险中求生,"陆江来被荣府关在门外，只得跟着那个带孩子的妇人走，那妇人带他来到一所破庙，给他一个烧饼，陆江来拿着烧饼，发现妇人一直在盯着他，只好随了对方心思，当着对方的面咬了几口烧饼。

过一会儿，妇人看到陆江来趴在桌子上不动了，以为药发生了作用，便将始作俑者喊了出来，对方拿着刀让随从搬来柴火，准备杀掉陆江来，伪造着火现场。陆江来立刻捉住行凶者，人赃俱获，荣善宝带来的随从很快帮助陆江来将凶手绑起来。",,2026-01-06,
284512,1,18,杨易棠自作聪明作茧自缚,杨易棠在荣善宝的房中翻动东西，当然也很快被发现，荣善宝先是命人将陆江来的东西搬出房间，然后让人盯紧陆江来，杨易棠也发现陆江来想要找的人和他的目标一致，便故意放出消息，引陆江来前去打探，杨易棠以为自己是黄雀，但还是被荣善宝捉住了。,,2026-01-07,
284512,1,19,大婚飞来横祸,荣善宝已经换上了凤冠霞帔，站在祠堂等待拜堂成亲，等了整整一炷香的功夫，都没有等到陆江来来，老夫人脸色很难看，几乎是拂袖而去。荣善宝问小厮陆江来朝那里去了，听到去了西门古巷方向，荣善宝也赶紧带着人去，那里是小妹和杨氏躲避的地方。,,2026-01-07,
284512,1,20,陆江来官复原职重申卫氏旧案,陆江来已经发帖请了荣府，很快就要对簿公堂，荣善宝知道不去是要坐牢的，所以便应了帖子，准时去公堂听审。许阁老来搭救爱徒，顺便也带了女儿许梅英，许梅英正直婚配年纪，早早从父亲的口中听说此人年少有为，聪慧卓绝，特意赶来听证。,,2026-01-08,
284512,1,21,荣善宝为保护杨芸受到牵连,杨芸不忍心荣善宝为难，立刻将荣均纨手里的画像撕个粉碎，跪在地上承认自己错了。徐嵩便下令重打杨芸四十大板，这顿板子下去不死也会重伤，况且杨芸体弱，荣善宝实在不忍心看着杨芸受难，便顶着压力证明面前的女人正是杨芸，因为当初案件复杂，她要等到官场清明的时候再为杨芸翻案。,,2026-01-08,
284512,1,22,荣善宝搬离荣府茶园,"杨芸落发为尼，原本可以了此一生，但是一日，庙宇中来了一个头戴斗笠的男子，对杨芸说了一番话，不久，杨芸便自尽身亡。

这件事给荣善宝很大打击，她向祖母请示能安葬杨芸，但是祖母不同意，执意不让荣善宝去尼姑庵领杨芸的尸体，荣善宝公然忤逆祖母权威，辩解自古以来荣府是女儿国，应该更能体会作女子的辛苦，现在杨芸在荣府做工十年，不能放任不管。既然祖母将荣善宝逐出荣府，她便搬出去住。",,2026-01-09,
284512,1,23,第 23 集,,,2026-01-10,
284512,1,24,第 24 集,,,2026-01-11,
284512,1,25,第 25 集,,,2026-01-12,
284512,1,26,第 26 集,,,2026-01-12,
284512,1,27,第 27 集,,,2026-01-13,
284512,1,28,第 28 集,,,2026-01-13,
284512,1,29,第 29 集,,,2026-01-14,
284512,1,30,第 30 集,,,2026-01-14,
284512,1,31,第 31 集,,,2026-01-15,
284512,1,32,第 32 集,,,2026-01-15,
284512,1,33,第 33 集,,,2026-01-15,
284512,1,34,第 34 集,,,2026-01-15,
284512,1,35,第 35 集,,,2026-01-15,
284512,1,36,第 36 集,,,2026-01-15,
259537,2,1,阿良,骊珠洞天破碎后，陈平安谨遵齐静春遗命，护送李宝瓶、李槐等学子踏上前往大隋山崖书院的游学之路。初出小镇的少年尚未适应江湖险恶，便遭遇意外危机，神秘剑修阿良神兵天降，为其化解险境。,,2025-12-25,
259537,2,2,作祟,游学小队夜行途中，遭遇鬼魅精怪暗中作祟，队伍人心惶惶。陈平安凭借第一季历练出的警惕与勇气，手持佩剑直面邪祟，以 “挥剑论道” 的信念坚守防线，保护学子安危。,,2025-12-25,
259537,2,3,平地起白虹,化解邪祟危机后，游学小队继续南下，途中遭遇大骊铁骑的盘查与试探，同时需应对复杂的路况与物资短缺问题。陈平安在困境中主动扛起责任，协调众人、规划路线，逐渐显露出领导者的潜质。,,2025-12-25,
259537,2,4,有鬼,大骊朝廷密令神祇截杀阿良，阿良一行遇关卡检查等波折，红烛镇听闻前朝故事。朱鹿因家书欲杀陈平安，阿良陷杀局时许弱来请教，最终陈平安面对危机喊出 “剑来”。,,2026-01-01,
259537,2,5,破阵,朝廷围杀佩剑阿良，林守一拒去大骊长春宫，阿良考验陈平安，教其十八停运气法，强调强者自由需以弱者自由为界。因皇后欲杀陈平安，阿良与大骊争斗。,,2026-01-07,
259537,2,6,第 6 集,,,2026-01-15,
259537,2,7,第 7 集,,,2026-01-22,
259537,2,8,第 8 集,,,2026-01-29,
279136,1,1,第 1 集,,,2026-01-09,
279136,1,2,第 2 集,,,2026-01-09,
279136,1,3,第 3 集,,,2026-01-09,
279136,1,4,第 4 集,,,2026-01-09,
279136,1,5,第 5 集,,,2026-01-10,
279136,1,6,第 6 集,,,2026-01-10,
279136,1,7,第 7 集,,,2026-01-11,
279136,1,8,第 8 集,,,2026-01-11,
279136,1,9,第 9 集,,,2026-01-12,
279136,1,10,第 10 集,,,2026-01-12,
279136,1,11,第 11 集,,,2026-01-13,
279136,1,12,第 12 集,,,2026-01-13,
279136,1,13,第 13 集,,,2026-01-14,
279136,1,14,第 14 集,,,2026-01-14,
279136,1,15,第 15 集,,,2026-01-15,
279136,1,16,第 16 集,,,2026-01-15,
279136,1,17,第 17 集,,,2026-01-16,
279136,1,18,第 18 集,,,2026-01-17,
279136,1,19,第 19 集,,,2026-01-17,
279136,1,20,第 20 集,,,2026-01-18,
279136,1,21,第 21 集,,,2026-01-19,
279136,1,22,第 22 集,,,2026-01-19,
279136,1,23,第 23 集,,,2026-01-20,
279136,1,24,第 24 集,,,2026-01-20,
279136,1,25,第 25 集,,,2026-01-22,
279136,1,26,第 26 集,,,2026-01-23,
279136,1,27,第 27 集,,,2026-01-24,
279136,1,28,第 28 集,,,2026-01-25,
285743,1,1,上学路上间接接吻，屁股坐在大腿上，恋爱喜剧都无法成立,,,2026-01-06,
285743,1,2,第 2 集,,,2026-01-13,
285743,1,3,第 3 集,,,2026-01-20,
285743,1,4,第 4 集,,,2026-01-27,
285743,1,5,第 5 集,,,2026-02-03,
285743,1,6,第 6 集,,,2026-02-10,
285743,1,7,第 7 集,,,2026-02-17,
285743,1,8,第 8 集,,,2026-02-24,
285743,1,9,第 9 集,,,2026-03-03,
285743,1,10,第 10 集,,,2026-03-10,
285743,1,11,第 11 集,,,2026-03-17,
285743,1,12,第 12 集,,,2026-03-24,
218642,1,1,李长寿预见师父之死，小师妹入门体检,李长寿重生回拜入度仙门前，预见师父未来身死，借 “入门体检” 接近小师妹蓝灵娥，提前布局护师父。,,2023-01-19,
218642,1,2,带师妹去历练大会 长寿欲进北俱芦洲采药,李长寿带蓝灵娥参加历练大会，借口 “采药” 欲进北俱芦洲，实则探查西昉教早期踪迹。,,2023-01-19,
218642,1,3,酒玖师叔带队 闯关芦洲寻宝,酒玖带队闯北俱芦洲寻宝，李长寿借机关术破阵，意外发现西昉教暗设的 “锁灵阵”。,,2023-01-26,
218642,1,4,酒玖深陷困龙阵 长寿机智反杀,酒玖被困西昉教困龙阵，李长寿以 “假死” 诱敌，反杀阵眼修士，破阵救人。,,2023-02-02,
218642,1,5,有琴被暗算 长寿英雄救美,有琴玄雅遭同门暗算，李长寿以毒术化解暗算，顺势与有琴结下善缘。,,2023-02-09,
218642,1,6,玄雅重伤，长寿师兄暗中相助,玄雅重伤难愈，李长寿暗中赠疗伤丹药，同时揭露暗算者与西昉教的关联。,,2023-02-16,
218642,1,7,查真相酒乌起疑心  求浊仙长寿为师谋生机,酒玖察觉暗算案疑点，求助李长寿，二人联手查到暗算者是西昉教卧底。,,2023-02-23,
218642,1,8,苦肉计长寿借宝鼎  佳人醉酒玖布法阵,李长寿施苦肉计借得宗门宝鼎，蓝灵娥醉酒误布 “迷踪阵”，意外困住西昉教追兵。,,2023-03-02,
218642,1,9,练仙丹酒玖被误会  渡仙劫齐源闹乌龙,酒玖练仙丹被误会私吞，李长寿查清是西昉教嫁祸，同时仙山异动引出许洞小妖，闹了乌龙。,,2023-03-07,
218642,1,10,玄火击忘情败龙族  噬丹药齐源成浊仙,李长寿助龙姨（龙族修士）炼化玄火志情，炼丹时药膏意外淬成 “浊血”，成克制西昉教的奇药。,,2023-03-16,
218642,1,11,查仙丹酒乌逼长寿  赴东海长寿遇敖乙,酒玖逼李长寿交仙丹配方，李长寿借机赴东海，结识敖乙，察觉龙族有西昉教内奸。,,2023-03-23,
218642,1,12,怀鬼胎长寿战敖乙  飙演技人龙谁先输,西昉教借 “鬼胎” 暗算敖乙，李长寿出手相救；龙族与西昉教伪装的鲛人谈判，暂先示弱认输。,,2023-03-30,
218642,1,13,狭路相逢迷敖乙  洪荒无量劫灭生,李长寿换路时再救遭伏击的敖乙，此战引动洪荒无量劫的初始劫气。,,2023-04-06,
218642,1,14,李长寿渡仙劫遇神罚 流落熊寨成海神,李长寿渡劫时意外流落凡间蕉寨，借术法帮寨民避祸，被尊为 “海神”。,,2023-12-14,
218642,1,15,凶残鱼妖大闹熊寨！“海神”李长寿能否显灵？,凶绞鱼妖袭蕉寨，李长寿以 “海神” 身份，用浊血 + 机关术斩杀鱼妖，巩固寨民信任。,,2023-12-14,
218642,1,16,师父恋人来信可疑 师兄准备探查师父情敌,师父的旧恋人来访，李长寿察觉其身份可疑，拜入对方门下，暗中探查师父相关敌情。,,2023-12-21,
218642,1,17,酒乌和“齐源”联手除妖！幕后元凶浮出水面,李长寿化名为 “齐渡”，与酒玖联手除妖，揪出幕后主使是西昉教修士 “文净”。,,2023-12-28,
218642,1,18,李长寿一人成团捶爆仇人！掉马危机能否巧妙化解？,李长寿身份暴露遭围堵，借蓝灵娥的 “迷踪阵”+ 敖乙的龙族接应，化解掉马危机。,,2024-01-04,
218642,1,19,敖乙堵门搦战！李长寿花式打服傲娇小龙,敖乙因误会堵门挑战，李长寿以 “纸人分身 + 毒术” 花式打脸，解开误会后二人结盟。,,2024-01-11,
218642,1,20,酒乌劝架反被揍？文净暗中操控三教矛盾升级,酒玖查文净染案反被暗算，文净暗中挑动阐、截、人三教矛盾，试图坐收渔利。,,2024-01-18,
218642,1,21,度仙门保卫战火力全开！掌门季无忧现身,西昉教袭度仙门，掌门季无忧现身，率弟子死守；李长寿以豆兵阵加固山门防御。,,2024-01-25,
218642,1,22,文净率群妖发起总攻！玄都、度厄出面救场,文净率群妖总攻度仙门，玄都大法师、鹿巨（巫族修士）出面救场，击退群妖。,,2024-02-01,
218642,1,23,西昉二圣为还贷款机关算尽，海神教成为新靶子,西昉二圣为夺宝算计度仙门，李长寿的 “海神敕” 成其目标，被多方势力盯上。,,2024-02-08,
218642,1,24,李长寿化身海神“显灵”，文净告黑状惊动天庭,李长寿借海神身份 “显灵” 震慑西昉教，文净向天庭告黑状，污蔑李长寿私通妖族。,,2024-02-15,
218642,1,25,李长寿抱上天庭大腿，赵公明计退文净,天庭派赵公明调查李长寿，李长寿自证清白，赵公明顺势计退文净的西昉教追兵。,,2024-02-22,
218642,1,26,三教源流大会开启！玄都小法师激萌登场,三教源流大会召开，李长寿以 “玄都小法师” 身份，嘴炮化解阐截两教冲突。,,2024-02-29,
218642,1,27,李长寿策反文净，登三仙岛求见云霄,李长寿反撩文净套取情报，后登三仙岛求见云霄，借混元金斗之力加固自身防御。,,2024-03-07,
218642,1,28,洪荒第一女神云霄登场！西昉教再施离间计,云霄正式登场，西昉教再施阴计暗算李长寿，被云霄以混元金斗直接碾压。,,2024-03-14,
218642,1,29,李长寿携敖乙女装勇闯天涯阁！四海盟会暗流涌动,李长寿携敖乙换岗天阔阁，负责四海盟会安保，察觉盟会中西昉教的暗流。,,2024-03-21,
218642,1,30,晶蝉阴谋奇袭海眼！李长寿巧设多重救兵解围,西昉教晶蝉阴谋袭击海眼，李长寿设 “豆兵阵 + 毒阵 + 机关阵”，多重布局解围。,,2024-03-28,
218642,1,31,李长寿助力平息四海之乱，惨遭西昉教集火,李长寿平定四海之乱，却遭西昉教集中围攻，重伤突围后躲入三仙岛养伤。,,2024-04-04,
218642,1,32,晶蝉全力追杀李长寿！天庭海神正式上岗,晶蝉追杀李长寿至天庭，李长寿正式就任天庭海神，借天庭兵力反制晶蝉。,,2024-04-11,
218642,1,33,太上老君登场！长寿渡劫得三霄仙子助阵,太上老君现身，指点李长寿修行，同时三霄仙子应约前来，助其对抗西昉教。,,2024-04-18,
218642,1,34,李长寿金仙劫降临！承认对云霄动心？,李长寿晋升金仙，云霄助攻时二人情愫渐生，李长寿隐晦承认对云霄动心。,,2024-04-25,
218642,1,35,皖江雨魂魄转生！李长寿神识被染灯吸走,皖江雨残魂成功转生，染灯道人设局吸走李长寿纸人分身的神识，探查其秘密。,,2024-05-02,
218642,1,36,晶蝉、染灯摆下鸿门宴，李长寿引天罚解围,晶蝉、染灯搅黄李长寿的 “门亲事”，李长寿引三次天罚，逼退二人解围。,,2024-05-09,
218642,1,37,陆压突然现身，李长寿接玉帝密诏,陆压突然现身搅局，李长寿接玉帝密诏，负责调查西昉教与妖族的勾结。,,2024-05-16,
218642,1,38,人皇大禹强势登场！李长寿遭遇灵魂三问,人皇大禹登场，向李长寿提出 “魂三问”（关于洪荒劫运），李长寿借机套取上古情报。,,2024-05-23,
218642,1,39,呲铁城惊险夺宝！多宝道人立大功,西昉教在毗城夺宝，多宝道人出手相助，与李长寿联手击退夺宝者，立下大功。,,2024-05-30,
218642,1,40,陆压秘会四海龙王，龙族反复横跳？,陆压道人暗中约见四海龙王，以 “避开封神劫” 为诱饵游说龙族倒向西方教，龙王们顾虑三教势力，态度摇摆不定。李长寿察觉异动，派纸人分身窃听，摸清陆压的挑拨意图。,,2024-06-06,
218642,1,41,东北塔爷豪横登场！王母威震蟠桃宴,东王公座下 “东北塔爷” 携宝物赴蟠桃宴，席间借酒挑衅天庭仙官，王母以瑶池威压镇住场面，同时暗示塔爷需安分守己，避免卷入教派纷争。,,2024-06-13,
218642,1,42,驯龙计划圆满成功！长寿喜提新职位,李长寿主导的 “驯龙联防” 计划落地，四海龙族达成稳定盟约，玉帝为嘉奖其功绩，册封他为 “四海监察使”，可直接调度龙族基层兵力。,,2024-06-20,
218642,1,43,云霄变装斩饕餮，玉帝功德填海眼,西海神域出现饕餮作乱，云霄仙子易装潜入，以混元金斗斩杀饕餮；同时玉帝将天庭部分功德注入西海眼，加固封印，彻底化解妖族借海眼作乱的隐患。,,2024-06-27,
218642,1,44,玄都灵山遭难！三教联手驰援,玄都灵山遭西昉教突袭，燃灯道人率阐教弟子被困，李长寿联合截教、人教修士驰援，以豆兵阵暂时稳住战局。,,2024-07-04,
218642,1,45,玄都小法师物理捉蝉，新boss谛藏登场！,李长寿以 “物理捆缚” 之法生擒西昉教细作 “晶蝉”，审讯中得知西昉教隐藏 boss “55” 已潜入天庭，暗中布局。,,2024-07-11,
218642,1,46,巫族惊现离奇命案！长寿秘密追凶,巫族部落接连发生离奇死亡案，现场留西昉教印记，李长寿潜入巫族秘境追查，发现凶手下手目标是巫族至宝 “十二都天神煞旗”。,,2024-07-18,
218642,1,47,陆压阴谋被识破，李长寿兵发妖升山,陆压欲借妖族之手抢夺都天神煞旗的阴谋败露，李长寿催动 “发妖” 之力劈开妖族营地屏障，正面截击陆压。,,2024-07-25,
218642,1,48,陆压长寿正面交锋！三足金乌本体现身,李长寿与陆压正面对决，陆压被逼出三足金乌本体，释放太阳真火，李长寿借云霄所赠混元金斗碎片抵挡，战局胶着。,,2024-08-01,
218642,1,49,圣母女娲华丽登场！李长寿底牌被看穿？,女娲现身阻止陆压与李长寿死斗，同时点破李长寿 “纸人分身”“仙豆加特林” 等底牌，暗示其需藏拙避祸。,,2024-08-08,
218642,1,50,六道转生盘突生异变！玉帝历劫误入畜生道,六道轮回的转生崖出现空间扭曲，参与历劫的五帝意外坠入畜生道轮回，李长寿受天庭所托，前往地府修复轮回秩序。,,2024-08-15,
218642,1,51,大德后土竟然人格分裂？道门小分队再次集结！,后土化身出现人格分裂，一半倾向巫族、一半倒向西昉教，李长寿召集道门旧部，合力稳定后土神魂。,,2024-08-22,
218642,1,52,分头封印七情化身，营救大德后土进行时,后土的 “七情化身” 四散作乱，李长寿率小队分路封印，逐步收拢后土神魂，同时防备西昉教趁机偷袭。,,2024-08-29,
218642,1,53,六道府归顺天庭，李长寿参悟均衡大道,转生崖异变修复，六道轮回正式归附天庭管辖，李长寿在处理五帝轮回案时，参悟 “情劫” 对修行的影响，道心更稳。,,2024-09-05,
218642,1,54,长寿云霄桃林定情！师父齐源入编天庭,李长寿与云霄在梅林定下修行之约，同时其师父齐源因功德圆满，被天庭吸纳为 “地府轮回判官”。,,2024-09-12,
218642,1,55,小灵娥激萌返场！道心圆满引动天劫,蓝灵娥带新炼 “萌系毒宠” 回归，李长寿炼化道心圆蒲时引动金仙后期天劫，云霄率三仙岛修士护法。,,2024-09-19,
218642,1,56,洪荒狠角孔宣登场，自曝与玄都往事！,孔宣现身洪荒，自曝曾与玄都大法师有旧怨，此次入世是为向西昉教寻仇，与李长寿达成临时合作。,,2024-09-26,
218642,1,57,玉帝、王母凡间历险，李长寿化身指点迷津,玉帝、王母下凡历劫遇险，李长寿以 “凡间修士” 身份化身指点，助二人化解危难，同时摸清西昉教在凡间的暗桩。,,2024-10-03,
218642,1,58,有琴国运崩塌在即！有琴玄雅凡尘难断,有琴家族国运衰退，有琴玄雅在凡尘的凡缘牵绊难断，李长寿助其以 “琴音渡厄” 之法稳固家族气运。,,2024-10-10,
218642,1,59,染灯携奸计再次现身，孔宣火速霸气救场,染灯道人携西昉教修士围堵有琴玄雅，孔宣以火遁之术霸气救场，以五色神光重伤染灯，逼退敌人。,,2024-10-17,
218642,1,60,天道降罚有琴国！大禹率魔兵霸气救场,有琴国遭天道针对，西昉教趁机煽动战乱，李长寿调遣大奉车兵（改良豆兵）镇守有琴国，以煞气震慑乱党。,,2024-10-24,
218642,1,61,天命玄鸟生商，有琴危机落幕,“天命玄鸟” 降世，有琴国国运恢复，西昉教的阴谋破产，有琴玄雅斩断凡缘，随李长寿返回度仙门。,,2024-10-31,
218642,1,62,赵公明绯闻缠身，西昉教暗中搞事,赵公明修炼时意外 “瘦身”，实力却更精进，同时西昉教在截教营地暗中散布谣言，挑拨截教与天庭的关系。,,2024-11-07,
218642,1,63,申公豹爆笑登场，反向祈福陆压遭殃！,申公豹以 “反向祈福” 之术搅乱西昉教的谣言阵，李长寿顺势联合截教弟子，快速镇压西昉教暗桩。,,2024-11-14,
218642,1,64,齐源孽缘关联大劫？长寿云霄鸿雁传书,齐源在地府发现 “绿缘”（轮回孽缘）与封神大劫相关，李长寿以鸿雁传书告知云霄，二人约定共探封神劫线索。,,2024-11-21,
218642,1,65,谛藏算计层出不穷，人教仙宗一级战备！,西昉教借谛听之力算计人教，人教仙宗进入一级战备，李长寿协助玄都大法师布下 “太极阵” 防御。,,2024-11-28,
218642,1,66,文净巧施苦肉计，谛藏受屈不堪言,上古女神 “白泽” 显化本体，被陆压逼迫参战，李长寿以 “保其族群” 为条件，说服白泽倒戈，加入己方阵营。,,2024-12-05,
218642,1,67,白泽偿还人情债，陆压聚众伐天庭,白泽为偿还李长寿人情，透露陆压将率妖族伐天庭的计划，李长寿提前联合龙族、天庭兵将备战。,,2024-12-12,
218642,1,68,上古妖帅现本体，长寿巧计收白泽,上古女神 “白泽” 显化本体，被陆压逼迫参战，李长寿以 “保其族群” 为条件，说服白泽倒戈，加入己方阵营。,,2024-12-19,
218642,1,69,长寿云霄星辰之约，陆压蓄力出兵天庭,李长寿与云霄定下 “星辰之约”（封神劫后共守星辰海），同时陆压整合妖族兵力，准备正式进攻天庭。,,2024-12-26,
218642,1,70,陆压举兵伐天庭，长寿蓄力射金乌,陆压率妖族攻上天庭南天门，李长寿坐镇南天门，以 “仙豆加特林”“纸人军团” 抵挡，准备与陆压的金乌本体决战。,,2025-01-02,
218642,1,71,西昉教出手救陆压，齐源述职遭暗算,西昉教修士突然出手救走战败的陆压，同时齐源在地府述职时遭西昉教暗算，险些魂飞魄散。,,2025-01-09,
218642,1,72,难违天道齐源身殒！痛失至亲长寿乱智,李长寿的至亲（凡间亲友）因天道反噬身陨，李长寿悲痛乱智，险些坠入魔道，云霄以混元金斗稳住其道心。,,2025-01-16,
218642,1,73,长寿决意斩陆压，齐源转世成“飞熊”,李长寿立下斩陆压的决心，同时齐源转世为 “飞熊”（姜子牙转世前身），李长寿暗中护其凡世安全。,,2025-01-23,
218642,1,74,玉帝伐北洲，西昉入大劫！,玉帝亲率天兵北伐妖族占据的北洲，西昉教趁机混入战场，试图挑起天庭与妖族的死斗，坐收渔利。,,2025-01-30,
218642,1,75,玉帝巧施离间计，长寿“喜提”总教习,玉帝施离间计分化妖族与西昉教，同时任命李长寿为 “天庭兵将总教习”，负责训练天兵对抗西昉教。,,2025-02-06,
218642,1,76,北洲伐妖大捷，玄都城生剧变,北洲伐妖之战大胜，玄都城却突发异变，西昉教引爆玄都城下的 “虚空炸弹”，城池损毁过半。,,2025-02-13,
218642,1,77,玄都孔宣合体迎战，四教联手共抗天魔！,五台仙（玄都修士）死守玄都城，李长寿联合阐、截、人、巫四教修士，共同抵挡西昉教引发的 “天陨之灾”。,,2025-02-20,
218642,1,78,天魔危机解除，孔宣玄都别过,天陨之灾被众人合力解除，孔宣途经玄都城，告知李长寿 “西昉教的最终目标是封神榜”。,,2025-02-27,
218642,1,79,人族魔兵执念消散，大羿精魄重现世间,人族至宝 “旗兵执令” 因能量耗尽消散，上古神器 “大拜铜锤” 重现世间，李长寿与西昉教争夺此锤。,,2025-03-06,
218642,1,80,酒玖升至天仙境，长寿赴任广寒宫,酒玖（李长寿好友）晋升天仙境，同时广寒宫传来消息：嫦娥们被西昉教控制，李长寿紧急赶赴广寒宫救援。,,2025-03-13,
218642,1,81,水神姮娥直播PK，巫族热舞大显奇效,水神钟馗与西昉教修士在广寒宫 PK，巫族修士以 “热舞”（巫族秘术）扰乱西昉教心神，协助李长寿救人。,,2025-03-20,
218642,1,82,大羿姮娥过往揭晓，长寿正式拜师太清,大羿与姮娥的过往被揭开，李长寿借此契机，正式拜太清圣人（老子）为师，获得《道德经》进阶版传承。,,2025-03-27,
218642,1,83,云华思凡下界，西昉奸计再生,云华仙子思凡下界，西昉教趁机设计，试图让云华与凡人产生孽缘，李长寿暗中跟随，破坏西昉教计划。,,2025-04-03,
218642,1,84,云华回天认罪，玉鼎收徒杨戬,云华返回天庭认罪，被玉帝罚禁闭，其儿子杨戬拜玉鼎真人为师，李长寿指点杨戬修炼基础法术。,,2025-04-10,
218642,1,85,李靖爆改开朗少年，灵珠集训资质飞升,李信（李长寿凡间族亲）揭秘 “开阳少年”（天庭暗线）的身份，蓝灵娥凑齐落霞仙草，成功飞升上界。,,2025-04-17,
218642,1,86,西昉密施计中计，道门分队再集结,西昉教的诡计被李长寿反利用，反而陷入包围，李长寿召集道门分队，准备彻底清缴西昉教在天庭的势力。,,2025-04-24,
218642,1,87,道门三圣轮番出手！谆提师叔压力山大,道门三圣（老子、元始、通天）轮流出手压制西昉教，浮提师叔（西昉教高层）压力剧增，试图突围。,,2025-05-01,
218642,1,88,结因圣人出手！元始天尊解围,“结因圣人”（西昉教背后强者）出手，元始天尊及时解围，以三宝玉如意击退结因圣人，护住众人。,,2025-05-08,
218642,1,89,石乐志暴怒毁塔，李长寿开工修河,石乐志（西昉教修士）暴怒毁掉天庭镇妖塔，李长寿临时 “作词”（以言出法随之术）修复塔基，稳定局势。,,2025-05-15,
218642,1,90,谛藏肉身补塔，善念拯救生灵,李长寿以 “诸蕴肉身” 之法修补镇妖塔，普念（佛门修士）协助拯救塔内被困生灵，化解一场浩劫。,,2025-05-22,
218642,1,91,云霄巧计敲打长寿？水神喜提太白金星,,,2025-05-29,
218642,1,92,七情化身转世，玄都再会孔宣！,后土的七情化身转世为凡人，李长寿在玄都城再次遇见孔宣，二人约定共同追查西昉教的 “封神榜计划”。,,2025-06-05,
218642,1,93,孔宣文净狭路相逢！不朽神国蠢蠢欲动,孔宣与文净的 “换胎迷局” 被揭开，西昉教的 “不朽杇盘”（至宝）蠢蠢欲动，试图篡改封神榜名单。,,2025-06-12,
218642,1,94,仙盟大会遭搅局，长寿舌战虚菩提,仙盟大会上，西昉教搅局抹黑天庭，李长寿以 “舌战” 之法揭穿其阴谋，同时 “盘古捉”（上古异兽）现身会场。,,2025-06-19,
218642,1,95,酒玖领衔临天殿，金鹏踢馆广寒宫,酒玖领衔镇守临天殿，金鹏（妖族强者）归顺天庭，在广寒宫以歌声安抚被控制的嫦娥，助其恢复神智。,,2025-06-26,
218642,1,96,水神妙计收金鹏，谆提登天会玉帝,水神钟馗以妙计收服金鹏，李长寿作 “贺天诗” 献给玉帝，庆贺天庭收服强援，同时暗指西昉教的威胁。,,2025-07-03,
218642,1,97,阐截纷争再起，长寿惨遭暗算！,南海再次爆发纷争，西昉教挑拨龙族内斗，李长寿携云霄等道友避祸，同时暗中布局化解龙族矛盾。,,2025-07-10,
218642,1,98,三教签订不战约，修罗出手伤长寿,阐、截、人三教签订 “不战约”，修罗族突然出世，重伤李长寿，云霄以混元金斗为其疗伤。,,2025-07-17,
218642,1,99,冥河老祖太难杀！魔爪伸向亲女儿？,冥河老祖（修罗族首领）纠缠不休，甚至试图控制自己的女儿（修罗公主）对付李长寿，李长寿设计离间父女二人。,,2025-07-24,
218642,1,100,长寿智斗冥河老祖，酒宴大开云霄起舞,李长寿以智计斗败冥河老祖，天庭举办酒宴庆祝，云霄在宴会上起舞，李长寿以琴音相和，二人默契更甚。,,2025-07-31,
218642,1,101,冥河老祖意外溃败！长寿通天澡堂谈心,冥河老祖因内部叛乱意外溃败，李长寿与通天教主在澡堂谈心，通天透露截教对封神劫的应对之策。,,2025-08-07,
218642,1,102,通天剑斩冥河老祖，长寿窥见截教命运,通天教主出手斩杀冥河老祖，李长寿在旁窥见截教在封神劫中的命运，暗下决心要护截教弟子周全。,,2025-08-14,
218642,1,103,长寿云霄约会屡受阻？石矶娘娘讲道惑人心,李长寿与云霄的约会被西昉教干扰，石矶娘娘（截教弟子）以 “惑心术” 揭穿西昉教的伪装，助二人脱身。,,2025-08-21,
218642,1,104,灵娥打理仙盟事务，太白大典意外频出,蓝灵娥开始打理仙盟事务，太白金星主持的大典上，西昉教暗桩引发混乱，太白金星意外外出追凶。,,2025-08-28,
218642,1,105,太白大典群贤毕至，长寿云霄深情盟誓,太白大典汇聚各方强者，李长寿与云霄在大典高处深情瞭望，约定共同应对即将到来的封神劫。,,2025-09-04,
218642,1,106,六圣紫霄议封神，鸿钧重任委长寿,六位圣人在紫霄宫商议封神之事，鸿钧老祖委任李长寿为 “封神观礼使”，负责记录封神过程中的因果。,,2025-09-11,
218642,1,107,紫霄宫中通天抗压，鸿钧坦言降劫真相,紫霄宫内，通天教主反对封神劫的部分条款，鸿钧老祖坦言降劫的真相：为清理洪荒的混乱势力。,,2025-09-18,
218642,1,108,西昉欲乱大劫局势，孔宣护商力战邪修,西昉教引发洪荒大乱局，孔宣护住商朝都城，与西昉教邪修死战，李长寿率队支援孔宣。,,2025-09-25,
218642,1,109,太白金星根脚暴露！度仙门再遇大危机,太白金星粗暴爆料：西昉教将目标对准度仙门，度仙门遭遇大危机，李长寿紧急返回度仙门护宗。,,2025-10-02,
218642,1,110,长寿科学反杀弥勒，四圣对峙震动灵山,李长寿以 “科学反绑架” 之法（机关、阵法）解救被西昉教绑架的度仙门弟子，四圣（佛、道、巫、妖）对峙，震动灵山。,,2025-10-09,
218642,1,111,灵娥登天拜老君，杨戬下山破瓶颈,蓝灵娥登天拜见老君，获得丹术传承；杨戬下山历练，突破修为瓶颈，斩杀西昉教修士立功。,,2025-10-16,
218642,1,112,杨戬强渡金仙劫，伐天救母劈桃山,杨戬强行渡过金仙劫，伐天教母（西昉教分支首领）劈开桃山，试图释放被镇压的妖魔，杨戬率天兵阻拦。,,2025-10-23,
218642,1,113,惨案真相大白，杨戬打上灵山,修真界家宴上，西昉教挑拨佛道关系，杨戬怒上灵山，与佛门弟子理论，李长寿从中调停。,,2025-10-30,
218642,1,114,杨戬接旨登天为官，长寿云霄共寻机缘,杨戬接替天官之位，李长寿与云霄共同寻找 “封神劫机缘”，在星辰海发现上古传承遗迹。,,2025-11-06,
218642,1,115,寿霄情定混沌海，众仙联手斩鲲鹏,青骨（妖族强者）在混沌海定下情缘，西昉教操控鲲鹏作乱，众仙联手斩杀鲲鹏，化解混沌海危机。,,2025-11-13,
218642,1,116,酒玖倾杯敬良缘，浪人年记藏玄机,酒玖以 “倾杯术” 拯救一对被西昉教拆散的良缘，浪人（西昉教叛徒）透露西昉教的核心玄机：欲夺封神榜掌控洪荒。,,2025-11-20,
218642,1,117,长寿问道女娲宫，天魔突袭玄都城,李长寿前往女蜗宫问道，天庭突然突袭玄都城（误以为玄都城藏有西昉教余党），李长寿赶回化解误会。,,2025-11-27,
218642,1,118,浪前辈首露真容，盘古神开天辟地,浪前辈（西昉教创始人）显露真容，其身份竟是盘古残魂所化，试图以 “开天辟地” 之法重启洪荒，李长寿联合众圣阻止。,,2025-12-04,
218642,1,119,钓鱼计划启动！九婴现世惊呆众人,李长寿启动 “钓鱼计划” 引诱西昉教主力，九婴（上古异兽）现世，其力量惊呆众人，成为计划的变数。,,2025-12-11,
218642,1,120,长寿收服九婴，鸿蒙紫气现世,李长寿以 “情劫大道” 收服九婴，鸿蒙紫气现世，西昉教、众圣纷纷争夺，李长寿借机将紫气送入封神榜，稳定封神秩序。,,2025-12-18,
218642,1,121,太白金星成圣失败？鲲鹏作梗惹怒云霄！,,,2025-12-25,
218642,1,122,云霄盛怒战鲲鹏，长寿得见浪前辈,鲲鹏受西昉教操控袭星辰海，云霄怒战压制；李长寿遇隐世 “渡前辈”，获破解西昉法阵的关键指点。,,2026-01-01,
218642,1,123,鲲鹏方舟成功启动！道祖问罪气势汹汹,李长寿与云霄改造鲲鹏方舟启动，因动用上古禁忌能量，引来道祖鸿钧问责，威压笼罩全场，李长寿需解释方舟用途化解危机。,,2026-01-08,
218642,1,124,第 124 集,,,2026-01-15,
218642,1,125,第 125 集,,,2026-01-22,
218642,1,126,第 126 集,,,2026-01-29,
218642,1,127,第 127 集,,,2026-02-05,
218642,1,128,第 128 集,,,2026-02-12,
218642,1,129,第 129 集,,,2026-02-19,
218642,1,130,第 130 集,,,2026-02-26,
218642,1,131,第 131 集,,,2026-03-05,
218642,1,132,第 132 集,,,2026-03-12,
218642,1,133,第 133 集,,,2026-03-19,
218642,1,134,第 134 集,,,2026-03-26,
218642,1,135,第 135 集,,,2026-04-02,
218642,1,136,第 136 集,,,2026-04-09,
218642,1,137,第 137 集,,,2026-04-16,
218642,1,138,第 138 集,,,2026-04-23,
218642,1,139,第 139 集,,,2026-04-30,
218642,1,140,第 140 集,,,2026-05-07,
218642,1,141,第 141 集,,,2026-05-14,
218642,1,142,第 142 集,,,2026-05-21,
218642,1,143,第 143 集,,,2026-05-28,
303799,1,1,第 1 集,,,2025-11-06,
303799,1,2,第 2 集,,,2025-11-13,
303799,1,3,第 3 集,,,2025-11-13,
303799,1,4,第 4 集,,,2025-11-20,
303799,1,5,第 5 集,,,2025-11-27,
303799,1,6,第 6 集,,,2025-12-04,
301507,1,1,新手,冰球界的超级巨星肖恩·霍兰德与伊利亚·罗扎诺夫，在竞争关系与更私密的关系之间，如履薄冰。,,2025-11-28,
301507,1,2,奥运选手,肖恩与伊利亚保持秘密暧昧关系，然而他们之间日益加深的情感，受到个人与职业压力的考验。,,2025-11-28,
301507,1,3,猎人,一名冰球运动员成败攸关的职业生涯，在机缘巧合之下碰上爱情，擦出了火花。,,2025-12-05,
301507,1,4,玫瑰,意外的脆弱时刻与备受瞩目的恋情，为肖恩与伊利亚带来了一场动荡的风暴。,,2025-12-12,
301507,1,5,凡事相信,肖恩、伊利亚与斯科特各自面对关键的个人抉择。,,2025-12-19,
301507,1,6,小屋,肖恩与伊利亚逃离聚光灯，享受难得的自由片刻。,,2025-12-26,
257789,1,1,豹房四兄弟重聚,马丁从小父母不在身边，是小姑马晓娥把他带大，他不单视马晓娥为第二个母亲，也和胡同里的表哥王春生，以及李连宝、童秋是胜似亲兄弟的发小。可高考前一场由他引发的打架，使马晓娥的儿子意外身亡，他也和其他三兄弟闹翻，独自去往美国，从此和他们断了联系。,,2025-12-30,
257789,1,2,马丁住回胡同,马丁要赶走童秋一家，引起三兄弟的极度不满，可是房子是人家的，他们有理无处讲，只能狠狠地诅咒这个家伙冷血无情，不是个东西。急需解决房子问题，成了童秋眼下的难题。,,2025-12-30,
257789,1,3,马丁要给童秋买房子,马卫国让人往自己的国内账户转了一大笔钱，打算帮童秋买套大房子，让她搬进去住。童秋听了之后有点不敢相信，觉得马卫国是不是在哪儿装了摄像头，拿自己开玩笑。王春生这边也去学校接儿子，还托人把王飞带到了一个剧组。,,2025-12-30,
257789,1,4,马丁提出帮助王飞,搞定了童秋，马丁意气风发，而王春生和李连宝当然气不打一处来，相约抵制马丁和童秋，再不跟二人来往。而王飞虽然跟王春生还生着气，可是看到亲爹被马丁欺负，也咽不下这口气，反倒暗地里替王春生出头，他爬到马丁的屋顶上，把以前装烟囱的窟窿打开，想放院子的耗子进去吓唬马丁，不料却被马丁发现。,,2025-12-30,
257789,1,5,马丁王春生大吵一架,马丁带着王飞体验有钱人的生活，让他变着法地花钱，目的是让王飞明白钱并不是人活着的唯一目标，就算有花不完的钱，但内心空虚，人生终究是空洞的。可是王飞大把花钱的事却在学校传开了，班主任认为他在炫富，影响了同学的学习环境，叫来王春生狠狠批评。,,2025-12-31,
257789,1,6,“朋乐轩”继承遇难题,马晓娥的葬礼上，女婿唐志新一心拉董倩谈生意经，董倩不得不说出准备给王春生的祖传烤鸭店“朋乐轩”投资的计划，惹来了唐志新的嫉妒。于是，在葬礼后的答谢宴上，唐志新当着亲朋老友的面，提出要王春生让出朋乐轩的一半，因为这是祖传产业，当年姥爷那辈并没有指定由让继承，只是因为只有王春生学了烤鸭手艺，一直由他打理。按照现在的继承法，马晓娥这枝理应继承烤鸭店的一半，此话引得王春生大怒。,,2025-12-31,
257789,1,7,王春生跟马丁暂时和好,这可急坏了李静，好在李连宝出面，帮忙找了律师。可王飞却不放心，在他眼里，马丁才是真正有本事的人，于是，他求马丁出手相救。其实马丁早就做好了准备，他手里还拿着多年前父亲留下的遗物，那里有证明朋乐轩是留给王春生一人独自继承的证据。,,2026-01-01,
257789,1,8,马丁助力童父递稿,童父辛辛苦苦，终于写完了那个霸总题材的剧本初稿，带着马丁和金彤去见平台的责编。可是年轻的责编却根本看不上童父的剧本，以他抓不住年轻人市场为由，对他一阵数落。马丁看不惯挺大岁数的童父还要为五斗米折腰，通过资源联系了平台的部门负责人，帮童父挣回了面子，有了直接递稿的通道，童父拿下这个项目的概率大大增加。,,2026-01-01,
257789,1,9,四兄弟烤鸭店创业,李连宝被董倩的真诚打动，向她道歉，还说了心里一直有她的话，不料董倩却把他的话录了音，以此要挟李连宝把朋乐轩让给自己。得知被董倩戏弄，李连宝索性豁了出去，他知道马丁在商界一直很有影响力，于是借马丁的名义在投资圈散布风声，果然，很快就有投资人主动找上门来。,,2026-01-02,
257789,1,10,王春生厨艺遭质疑,兄弟三人在马丁的逼迫下，不得不去试吃，王春生老大不服，处处挑毛病，毫无学习之心，让其他三人很头疼。马丁索性想出个馊主意，让王春生亲手做几道菜，与别家的菜比较，评比之时，马丁故意调换了菜品，王春生品尝之后，一劲夸自己做的菜好，他却不知，他夸的那些都是外卖，自己做的菜却被自己贬得一无是处。,,2026-01-02,
257789,1,11,四兄弟出现分歧,马丁为了鼓励王春生，提议去接王飞回来，在他的计划中，王飞在村里吃了几天苦，应该有所转变，会踏实下来考大学，没承想王飞在村里靠直播带货卖农产品，成了小网红，还带动了村里的经济，在他看来，自己更没必要去读大学了。,,2026-01-03,
257789,1,12,马丁被公司调查,面对一受挫就放弃的三兄弟，马丁还想再给他们打打鸡血，可是一个意外的变故让他没了底气：公司本部一直对他抱有防范之心的合伙人担心他辞职回京是被竞争对手收买，做出不利于公司的事，索性先下手为强，对他展开商业调查，还冻结了他的财产。,,2026-01-03,
257789,1,13,马丁施计攻略王春生,马丁先是在胡同里散布风声，说自己心灰意冷，决定离开胡同，回到国外，以后再也不回来了。胡同里风言风语，越传越离谱，到后来已经变成了马丁被国际刑警通缉，要逃亡俄罗斯。,,2026-01-04,
257789,1,14,三兄弟落入马丁圈套,在马丁的遥控搅和下，三兄弟之间果然出现了内讧的迹象，王春生为了树立自己董事长的权威，开始认真工作，收集了很多资料，主动召开股东大会，要在会议上夺回话语权。,,2026-01-04,
257789,1,15,马丁重回朋乐轩,在王春生和童秋的鼎力要求下，李连宝无奈地答应马丁做回朋乐轩的运营总监，还签下了合同，给了马丁极大的权力。李连宝本以为马丁这次回来，必定会带着王春生和童秋推翻自己，可谁也没想到，刚签完合同，马丁就反手针对王春生和童秋开刀,,2026-01-05,
257789,1,16,朋乐轩陷入困境,童秋被抓事件作为一个插曲，在张晓诗回北京后得以解决。而另一边，马丁发自内心地希望王春生和童秋能够真正振作起来，面对自己的问题，可用力过猛，一下把两人都打击的颓废了。,,2026-01-05,
257789,1,17,王春生参加鸭王大赛,眼看这一关是过不去了，李连宝已经绝望，不料王春生带着童秋和马丁匆匆赶来，拉着他就去报名。王春生怒骂李连宝，你为什么不跟我说实话？咱俩就是再闹别扭，我也是你大哥，你有难，大哥就把天捅破了，也得给你出头！四兄弟抱在一起，重归于好。,,2026-01-06,
257789,1,18,王春生王者归来,董倩此时正对马丁质疑，按他们的计划，王春生根本不可能参赛，可现在，竟然进入了决赛，这意味着她收购朋乐轩的难度大大增加。第二天的决赛，王春生郑重登场，面对孙师傅的暗下黑手，他沉着应对，在最后的加赛环节，回忆着往昔的人生种种，当年那个意气风发的少年似乎又重新站在面前，与他并肩战斗。,,2026-01-06,
257789,1,19,四兄弟重归于好,马丁向董倩讲述了自己兜这么大一个圈子的原因：一开始，三兄弟合伙将他清出局，他确实想要报复，可童秋主动把这些年他一直没收的房租交给他时，他感受到了童秋的善意。,,2026-01-07,
257789,1,20,春生父子隔阂烟消云散,李连宝跟董倩越走越近，感情和事业双向发展，他全力工作，为说服董倩的老板同意合作而做着最大努力。童秋向李连宝学习工作经历，却发现李连宝可以为了工作整天整夜不睡觉地加班，而他才跟着干了一天就撑不住了。,,2026-01-07,
257789,1,21,李连宝向马丁正式道歉,李连宝不负苦心，终于成功说服董倩的老板，同意两家公司合作。他和董倩开心地庆祝，并再次共度春宵。李连宝以为这次之后，两人可以真正地在一起，可董倩却不想过太复杂的生活，事业、孩子、家人，太多的事情已经占满她的生活，她没有心力再去维持一段稳定的感情。,,2026-01-08,
257789,1,22,马丁独自离开,就在所有人畅想着接下来的美好生活时，马丁一个人拖着行李，离开了胡同。一大早，王春生、童秋、李连宝三兄弟正准备工作，却发现马丁不告而别，李连宝和童秋痛骂马丁不讲义气，王春生悲伤地说出马丁的病情，大家这才明白了马丁这次回来的所有原因。,,2026-01-08,
257789,1,23,马丁和李连宝回国,,,2026-01-09,
257789,1,24,朋乐轩正式开业,,,2026-01-09,
257789,1,25,第 25 集,,,2026-01-10,
257789,1,26,第 26 集,,,2026-01-10,
257789,1,27,第 27 集,,,2026-01-11,
250307,2,1,早上7点,7月4日这天，罗比见到了即将在休假期间接替他工作的同事，而一张熟悉的面孔也重返匹兹堡创伤医疗中心。,,2026-01-08,
250307,2,2,第 2 集,,,2026-01-15,
250307,2,3,第 3 集,,,2026-01-22,
250307,2,4,第 4 集,,,2026-01-29,
250307,2,5,第 5 集,,,2026-02-05,
250307,2,6,第 6 集,,,2026-02-12,
250307,2,7,第 7 集,,,2026-02-19,
250307,2,8,第 8 集,,,2026-02-26,
250307,2,9,第 9 集,,,2026-03-05,
250307,2,10,第 10 集,,,2026-03-12,
250307,2,11,第 11 集,,,2026-03-19,
250307,2,12,第 12 集,,,2026-03-26,
250307,2,13,第 13 集,,,2026-04-02,
250307,2,14,第 14 集,,,2026-04-09,
250307,2,15,第 15 集,,,2026-04-16,
259886,1,1,水生人,巴克利的平凡生活在一种古老物种从海中浮现后瞬间变成了恐怖世界。随着 UNIT 为控制局势而交锋，泰晤士河上的峰会揭露出令人毛骨悚然的秘密。,,2025-12-07,
259886,1,2,塑料末日,神秘的索尔特从水箱中出现，巴克利被推举为人类的大使。但当索尔特向全人类展开报复时，他的家庭生活被无情撕裂。,,2025-12-07,
259886,1,3,深海,巴克利令人胆寒地深入 水栖人类（Homo Aqua） 的世界。回到陆地上，凯特孤身一人，而唐宁街正与军方密谋，试图改变战争的走向。,,2025-12-14,
259886,1,4,瀑布女巫,在饱受战火摧残的伦敦，巴克利和索尔特踏上了逃亡之路，UNIT 仍在灾难的冲击中摇摇欲坠。然而，当“潮汐”威胁陆地、冈斯伯格推进他的计划时，“分离计划”要求付出鲜血的代价。,,2025-12-14,
259886,1,5,战争终结,巴克利孤身一人，索尔特下落不明，UNIT 无能为力，海平面不断上升，战争走向高潮。在叛徒暗中密谋之际，巴克利还能在为时已晚之前找到索尔特吗？,,2025-12-21,
67063,6,1,主线回归！共探冯宝宝身世之谜,,,2026-01-02,
67063,6,2,八绝技和三十六贼的秘密是？,,,2026-01-02,
67063,6,3,第 3 集,,,2026-01-09,
67063,6,4,第 4 集,,,2026-01-16,
67063,6,5,第 5 集,,,2026-01-23,
67063,6,6,第 6 集,,,2026-01-30,
67063,6,7,第 7 集,,,2026-02-06,
67063,6,8,第 8 集,,,2026-02-13,
67063,6,9,第 9 集,,,2026-02-20,
67063,6,10,第 10 集,,,2026-02-27,
278577,1,1,聂曦光回校待毕业，重投简历,"2011年，上海松山医院的林屿森医生成功完成一例近八小时的高难度肿瘤切除手术，其沉稳表现获院长与主任医师赞赏。术后，他应校友邵家其牵线，答应赴苏州相亲，对方是曾有一面之缘的聂程远之女。然而途中遭遇严重车祸，林屿森重伤生命垂危。

次年，聂曦光毕业前夕从无锡实习返沪。在校门口，她遇见曾令自己心动的家教庄序，却发现他身边已有笑容满面的叶容。叶容宣布庄序已获上海银行录用，并邀众人庆祝。席间气氛微妙，庄序质疑聂曦光凡事依赖家庭缺乏主见，聂曦光反驳后两人陷入冷战。

聂曦光借故推掉后续K歌聚会，却因表弟姜锐嘱托回宿舍取游戏机，无意听到舍友议论庄序整晚心不在焉，以及叶容提及“庄序早已改变”。她默默离开，前往舅舅家途中回忆大学时光：因对庄序心动而选择住校，可能间接影响了他与叶容的关系，内心矛盾。

在舅舅家，舅妈提及聂父曾辜负聂曦光母亲，被舅舅制止。此后几日，庄序的话萦绕聂曦光心头。为证明自己，她与舍友参加招聘会。因缺乏经验，聂曦光剩余三份简历未投出。庄序见状，称认识盛远公司人事，取走她的简历直接代为投递。叶容不悦，因自己投递同一公司却需走常规流程。返程时叶容发现手机丢失。

两日后，聂曦光接到盛远公司面试通知，叶容则因联系方式不全尚未收到通知。",,2025-12-22,
278577,1,2,聂曦光叶容误会得以澄清,"误会澄清后，宿舍氛围缓和，但聂曦光与庄序之间仍存疏离。她将重心转向毕业论文，同时认真考虑苏州光伏公司的机会，决意凭自身能力开启职业生涯。

盛远公司会议室内，林屿森关于稀释远程股份的建议引发深入讨论。最终，董事长采纳其部分观点，决定重新评估合作条款。而聂曦光婉拒了盛远走形式的入职邀请，选择接受苏州公司的职位。临行前，她在图书馆偶遇庄序。庄序为先前误解道歉，并坦言相助投简历是因认为她具备实力，而非特殊关照。聂曦光礼貌致谢，表示往事已翻篇，彼此应向前看。

赴苏州前夕，小凤为聂曦光饯行。席间，小凤提及叶容与庄序关系似乎因手机等事产生裂痕，但聂曦光已无意深究。她更期待在新城市证明自己独立生活的可能。

入职光伏公司后，聂曦光积极投入工作。某日，她参与一场行业研讨会，意外发现主讲人之一是盛远集团的林屿森。他的专业见解给她留下深刻印象。茶歇时，聂曦光主动上前请教一个技术问题，林屿森耐心解答。交谈中，他得知她是聂程远的女儿，略显惊讶，但未多言，仅鼓励她踏实积累。

周末，聂曦光接到父亲电话，关心其生活。她简单汇报近况，并坚定表示希望靠自己在行业立足。聂程远虽担忧，但选择尊重。

与此同时，上海。庄序与叶容进行了一次坦诚对话。叶容承认因安全感缺失而多次试探，庄序则反思自己处理感情不够清晰。两人决定暂时分开，厘清思绪。庄序工作中愈发沉稳，偶尔会想起聂曦光那份倔强追求独立的模样。

林屿森自研讨会后，偶尔会关注光伏行业动态，间接留意到聂曦光所在公司的进展。他的身体在车祸后恢复良好，但职业生涯方向正悄然酝酿转变。院长再次找他谈话，希望他考虑担任更重要的管理职务，而林屿森心中却另有规划。

聂曦光凭借扎实努力，在首个项目中表现出色，获得上司认可。某个加班夜晚，她收到一条陌生号码的信息：“我是林屿森。苏州行业发展讲座下月举行，资料发你邮箱，或有参考价值。”她有些意外，回复感谢。窗外霓虹闪烁，她感到新的生活画卷正缓缓展开，过往的纠葛渐渐淡去，未来充满了未知与可能。",,2025-12-22,
278577,1,3,聂曦光庄序陪弟弟参加高考,"聂曦光去知行楼取论文指导意见，推门看见庄序也在。导师将她的论文批得一无是处，直言答辩堪忧。庄序在一旁帮腔，建议给予修改机会。聂曦光却疑心他是在为叶容之前的事道歉补偿，硬邦邦回绝了这份好意，反被导师斥责脾气大、不虚心。

下楼同乘电梯，庄序低声说如果需要查资料可以找他。回宿舍路上遇见思靓，劝她搬回来住好互相照应。聂曦光想起曾偷听到思靓与叶容的对话——叶容只将她视为“考验庄序的试金石”，心里发冷，婉拒了思靓。

与姜锐写作业时，庄序来电说发了资料到邮箱。聂曦光打开一看，竟是精心翻译的前沿文献。她忽然觉得，这或许仍是庄序代叶容表达的歉意，一个电话打去他宿舍，得知他熬了好几个通夜。她心一沉，挂掉电话，直接将资料删除。

一个月后论文修改完毕，导师终于点头准许答辩。走出知行楼，她如释重负。校园里四处是拍毕业照的身影，时光匆匆。

接着是陪姜锐高考。第二天中午，庄序竟陪着弟弟庄非一起来吃饭。聂曦光想起大一时曾借钱给庄母看病，庄序不久后便连本带利还清。如今一顿饭，他又急着偿还。她忽然倦了——既是他执意划清界限，不如彻底避开。饭后借口散步，直到俩弟弟考完才露面。

回家路上，姜锐还在为“制造偶遇”得意，聂曦光平静道破：庄序帮忙是为替青梅竹马道歉，庄非吃饭是为还人情。一切清清楚楚，让他别再撮合。

答辩很顺利。她不知道，庄序悄悄坐在后排听完了全程。

给母亲报喜后，思靓忽然约她单独吃饭。晚上，思靓为以往的疏远道歉，坦承不同家境的人难免隔阂——“看见你随手拿压岁钱借给庄序时，我心情很复杂。”聂曦光听懂了那份窘迫与骄傲，摇摇头说没关系。

毕业季匆匆来临。送阿真去火车站时，庄序宿舍的男生们也来了。回程的末班公交拥挤不堪，聂曦光没能挤上去。

站台人群散尽，她一转头，看见庄序也还站在那里。",,2025-12-22,
278577,1,4,聂曦光毕业选择苏州工作,"聂曦光去知行楼取论文意见，推门见庄序也在。导师将她的论文批得体无完肤，庄序从旁建议给予修改机会。她疑心他是在为叶容道歉补偿，生硬回绝，反被斥不虚心。下楼同乘电梯，庄序低声说可帮她查资料。

回宿舍遇思靓劝她搬回同住，聂曦光想起曾偷听到思靓与叶容的对话——叶容只将她视作“考验庄序的试金石”，便婉言谢绝。

月余后论文通过，她如释重负。校园里满是拍毕业照的人影，时光匆匆。

姜锐提前出国行程，陪她赴英散心。她望着异国风景，感到人生如旅，有些站台终须路过，不可强求。

回国后，母亲姜云告知，她拿到面试的双远光伏，正是父母早年共创的公司，父亲聂程远盼她回去接班。聂曦光不愿面对父亲后来的伴侣，且只愿听母亲意见。姜云也不赞同，希望女儿远离旧日纠葛，凭自身能力去苏州工作。

庄序随主管与盛远集团谈合作时，遇见副总盛仲凯及其助理林屿森。林屿森提及一年前招聘会上，曾见庄序帮一女生投简历。庄序淡然答，那人已出国留学。

聂曦光入职苏州双远，结识室友殷洁、万羽华。两周后，殷洁抱怨公司无帅哥，听闻总部将下派一位曾是外科医生的经理，殷洁满怀期待，聂曦光却猜想会是位中年油腻男。

某晚三人追剧，发现剧集未缓存完。聂曦光猜拳输了，抱电脑到办公楼下载。网络卡顿，她钻到办公桌下检查网线。

灯光骤亮。

一双笔挺的裤腿映入眼帘。她抬起头，撞见一张清俊而陌生的面孔，正略带讶异地低头看向她。",,2025-12-22,
278577,1,5,聂曦光被调岗服务林屿森,"聂曦光向室友描述在办公室遇到的陌生男子。几天后，公司传闻将有一位帅气副总裁空降。在一次会议前，聂曦光与殷洁路过总经理办公室未见其人，却在工位旁看见林屿森与司机经过。经殷洁指认，聂曦光方知那晚所见正是林副总，心下懊恼初次印象不佳。

开会前夕，财务主管来电，指出年前一笔本应以人民币结算的采购款被误转为美元，单据上盖有聂曦光的章。她忆起当日是采购部同事欧琪琪临下班借用她电脑操作，并让她顺手盖了章。聂曦光赶回办公楼，财务与采购两部正相互推诿责任。林屿森正由老厂长陪同视察，谈及光伏产业前景与二期扩建的资金问题——总部拨款部分已到位，但远程集团承诺的后续资金尚未落实。

林屿森接到关于款项纠纷的电话，他直接联系合作方，妥善解决了退款事宜。随后，欧琪琪与聂曦光被叫至其办公室。聂曦光在门外与采购部莫总发生争执，坚持双方均有责任。办公室内，林屿森查看凭证后，认为聂曦光不宜留任财务岗位，决定将她调至管理部。

聂曦光对此调动不解，欧琪琪却认为是摆脱莫总刁难的好事。次日，她被安排整理档案室，效率颇高。林屿森为查证合同漏洞，连续数日翻阅档案，聂曦光暗中观察，推测其意在整顿采购部。

林屿森亲自抽调聂曦光的消息传开，她并不在意，反钦佩其谋划。为配合调查，她主动表示能快速调取资料，林屿森却交给她一项繁重任务：整理公司自2005年以来的全部采购与销售价格记录。聂曦光虽感这是故意为难，仍加班完成。任务圆满交差后，她试图以身体不适为由请假三天，却被曾任医生的林屿森识破，只得作罢。

某日下班，聂曦光与殷洁、万羽华发现本该分给她们的双人间宿舍被新来的、据称是莫总亲戚的员工占用。三人气愤却一时无对策，殷洁提议投诉又觉无用，聂曦光想直接向林屿森反映，万羽华担心显得小题大做。最终，她们决定暂不追究。",,2025-12-22,
278577,1,6,林屿森故意为难，聂曦光接近庄序,"聂曦光跟随林屿森进入办公室，反映宿舍分配不公的问题。林屿森致电后勤部后，得知是莫总授意，便未深究，只安排殷洁与万羽华先入住双人间。聂曦光不便多言，私下向弟弟姜锐抱怨领导为难，姜锐提醒她林屿森升迁迅速恐有背景，或许已知其身份而有意排挤，聂曦光却觉未必。

月底仓库盘点，聂曦光主动参与。林屿森巡查时见她已在库房，稍作询问。助理报称华亚银行调研员庄序将至，林屿森吩咐财务接待。盘点中途，聂曦光听闻银行来人是“庄姓帅哥”，立即借故跑出，在厂房外与庄序远远对视一眼，两人均未交谈。庄序短暂停留后离去。林屿森目睹此景，以擅离职守为由，罚聂曦光此后每月负责盘点。

财务汇报称华亚银行合作意向不强，林屿森转而接洽另一家银行。聂曦光连日盘点疲惫不堪，磕碰受伤。

周末，殷洁、万羽华计划前往上海，聂曦光临时起意同行。林屿森恰要赴沪，殷洁欲搭便车，聂曦光虽不情愿仍上了车。途中她困倦熟睡，林屿森最终将三人送至目的地。

聂曦光陪万羽华到平安寺许愿“让林屿森尽快消失”。随后她提议前往陆家嘴，实期望偶遇庄序。三人至盛远集团楼下，聂曦光假称或可搭林屿森回程车。此时林屿森正与盛先民会面，揭露采购部莫总更换供应商、散布谣言等行径，盛先民允诺调查。

聂曦光在餐厅拖延良久，又转至楼下甜品店守候，始终未见庄序身影。忽然想起当日是周末，庄序并不上班，心中一阵空落。",,2025-12-23,
278577,1,7,聂曦光主动为林屿森传送文件,"庄序在加班整理双远报告，婉拒了同事喝酒的邀约。叶容发信息说从老家带了东西，他立即下楼，被同事笑称“重色轻友”。叶容送来泡菜，并替思靓打听卓辉近况。两人吃饭时，庄序想点的拿破仑草莓恰好售罄——正是被聂曦光一行人打包带走。

聂曦光与朋友站在盛远楼下等车，心中泛起怅然：即便站在庄序每日必经之路，也难相遇，缘分或许本就如此。

林屿森复查手腕旧伤后，过马路时被摩托车撞到，需休养一阵。聂曦光想起自己曾在寺里许愿“让他消失”，心生愧疚，主动承担起为他传送文件的工作。她去上海送文件时，从保姆陈阿姨口中得知林屿森因车祸放弃外科医生生涯的往事。

几次送文件后，林屿森察觉她的异样，直接问：“你为什么有愧疚感？”聂曦光无法说出许愿的事。林屿森却提及“第二次车祸”，说若能使她想起什么，受伤也算值得。见她茫然，他不再多言，只让她留下钥匙，以后不必再来。

聂曦光回到公司，恰见莫总因渎职被审计部带走。她将积压文件交还主管，结束了送文件的差事。当晚同事聚餐庆祝，聂曦光低声说“前盟友办事靠谱”，却被听成“前男友”。

林屿森康复返岗，莫总被查，二期扩建资金由益信信托接手。他忙碌起来，未再给聂曦光安排特殊任务，两人关系似又疏淡。

庄序对双远的详尽分析报告得到盛伯凯赏识，被调往薪资更高的投行部。他开心地告诉弟弟庄非，却暂未与叶容分享此消息。

一日，聂曦光借用殷洁宿舍的洗衣机，却因两人都忘带钥匙被锁门外。她试图爬阳台时脚下一滑，从二楼跌落——却被路过的林屿森稳稳接住。",,2025-12-23,
278577,1,8,聂曦光住院，林屿森细心照顾,"聂曦光在医院醒来，林屿森紧张地询问她是否记得自己。得到肯定答复后，聂曦光含泪质问，他是否因自己是聂程远的女儿而处处针对，并细数相识以来的种种“不顺”。看着她委屈抱怨的模样，林屿森心中泛起一阵酸涩，不由忆起几年前自己为见她一面而遭遇的那场车祸——昏迷多日，手臂神经受损，彼时却未等到她的探望。

他按下心绪，留在医院照料。老同学方医生察觉异常，调侃他为何对一名员工如此上心。林屿森只说是“老板的责任”，却特意请食堂熬了白粥。

室友殷洁来探病，转交了粥，并告诉聂曦光：事发时林屿森单手接住坠落的她，动作吃力似有旧伤；后又跟救护车一路护送，被她吐了一身也未离开。聂曦光独自躺下，脑海中尽是林屿森照顾自己的画面，感激翻涌。她发去感谢短信后沉沉睡去。

林屿森久未收到回复，心下不安，匆匆赶回病房，正遇上她醒来。聂曦光的怨气已消了大半，再次道谢。林屿森轻声说：“以前的事，一笔勾销。”

方医生查房时见老同学一大早就在，心中了然。他顺势邀林屿森在病房讨论一台他擅长的外科手术方案。聂曦光在一旁，看着林屿森专注专业的眼神与言语，心底悄然生出一丝崇拜。

此后几日，聂曦光仿佛被林屿森“承包”了饮食。她觉出怪异，向殷洁倾诉。殷洁猜测林屿森喜欢她，聂曦光却觉得不可能：“他之前明明处处为难我。”

住院无聊，聂曦光沉迷游戏。次日林屿森来时，她正攻关，头都未抬。第三天，林屿森从公司带来工作电脑递给她：“平衡一下脑神经。” 接着，他极其自然地拿过她手中的游戏机，问道：“昨天哪关没过？我试试。”",,2025-12-24,
278577,1,9,林屿森聂曦光尽弃前嫌,"林屿森在病房尝试打游戏，却时常看向左手，面露沉思。聂曦光察觉异样，不敢多言。他为无法通关道歉，她忙说游戏本就很难，主动邀他散步。偶遇方医生，聂曦光私下询问为何让林屿森参与手术讨论，不怕触及伤痛？方医生解释，这正是帮他面对现实的“脱敏疗法”。

聂曦光对林屿森观感悄然改变。一次饭间，听医生们聊起想看电影却没空，林屿森静静听着，目光柔和。急救电话突然响起，众人匆匆离去。一位患者来咨询CT，方医生便托林屿森帮忙看片。他专业细致的分析令聂曦光暗自钦佩。

她完成了他之前布置的工作，玩笑索要加班费。林屿森笑答：“在自己家公司，谈什么加班费。”聂曦光不再玩笑，拿出新游戏请他试用左手挑战，她在一旁加油，觉得与他相处竟十分惬意。

出院时，林屿森叮嘱她别再逞强，并坚持开车送她回无锡。路上，他让她设置导航，需输入密码解锁手机。他凑近时，聂曦光心跳漏了一拍。雨中，他戴上眼镜专注开车，她偷偷看他，觉得他气质沉稳独特，忍不住称赞他回公司后士气大振。林屿森自嘲：“给聂小姐打工，当然要尽力。”

回公司后，林屿森以“转运”为由组织聚餐，却要求与聂曦光分摊费用。殷洁安慰她餐厅不会太贵，结果却是高级场所。结账时，林屿森“忘带”钱包，发信息让她先付。同事们不知情，纷纷感谢林屿森请客。这成了两人间的小秘密。

下车后，聂曦光走到他面前，确认是否正式和解，并问起之前为何看不惯她。林屿森无奈道：“因为你忘性太大。”

另一边，庄序在银行研讨会上沉默寡言。会后盛仲凯单独询问，他分析了跨境担保的风险并整理了资料。同事克丽丝却疑心他背后告状。晚上加班时，庄序接到舍友婚礼邀请，想起毕业约定，坚信自己会最后结婚——家境悬殊，他自觉不配追求聂曦光。

聂曦光陪林屿森加班，问他为何总找自己。林屿森说：“聂家占一半股份，剥削别人有负罪感，只能让你无偿加班。”她哭笑不得，送他无锡大阿福保平安。林屿森邀她参加朋友婚礼，她尚未决定，又接到了宿舍老大的婚礼邀请。",,2025-12-24,
278577,1,10,林屿森带聂曦光参加婚礼,"聂曦光在电话里诉苦工作堆积如山，只能婚礼当天赶去。她问起是否需与叶容分桌，觉得旧事已过无需刻意。她答应与林屿森同去。

婚礼当天骤冷，她临时套了工作服。林屿森见状皱眉：“第一次带女伴，穿这个太丢面子。”他带她去病友的服装店。店主热情帮忙搭配，结账时服务员笑说林先生已付过。聂曦光暗自窃喜这“女友身份”的折扣，出门还说下次带殷洁来。林屿森嘴角一扬：“不跟着我可没这优惠。”

婚宴上，陆莎见林屿森带女伴来，眼神询问，林屿森使了个眼色。方医生见状，心知他进展顺利。老师问起关系，林屿森坦然答：“正在追她。”席间他被罚酒，推说要开车回苏州，眼神瞟向聂曦光求代饮。她瞪他一眼，老同学们笑看两人互动。聂曦光坚持另包红包，林屿森对陆莎说：“收下吧，等她结婚我双倍还。”

闹洞房时，新郎被刁难要说清相识的精准时刻。聂曦光暗想没人能记得，身旁的林屿森却流畅报出一个时间。她不禁羡慕他未来的妻子。出来后她调侃：“等你结婚，我也这样闹你。”林屿森深深看她一眼，眼神笃定，仿佛确信这话不会由别人来说。

雪花飘落，林屿森去取车。聂曦光在门口遇见庄序、叶容等老同学。她正尴尬解释为何在此（曾说要加班），叶容上前为旧日误会道歉，站到庄序身边说已找到幸福，劝聂曦光抓紧。庄序沉默。聂曦光顿觉自己像个败将。

这时林屿森走来，她如见救星快步上前。林屿森自然地握住她的手，向庄序打招呼。老同学们惊讶她有这般男友。庄序第一个转身离去。众人约好明日婚礼见后散去。

聂曦光心情低落想立刻回苏州。林屿森却道：“不回去了。”他看着她，“我陪你，疯一夜也行。”",,2025-12-25,
278577,1,11,聂曦光林屿森秀恩爱,"聂曦光买了游戏币，拉林屿森玩摩托游戏，很快耗尽。她提议看电影，买票时被误认为情侣，林屿森顺势默认，聂曦光轻扯他袖子嗔怪。电影开场不久她便靠在他肩头睡着。林屿森静静望着她，目光温柔。散场时她才被惊醒。

他们接着去高层餐厅看夜景。聂曦光忽然问起他年龄，猜他是否已中年。林屿森笑答28岁，反问为何突然好奇。她脸红避开话题，说以后找方医生打听。因次日可能难打车，他答应接送。聂曦光玩笑道：“继续扮我男朋友，你也不吃亏。”

回酒店才发现她忘带身份证，两人同去派出所补办。林屿森细心叮嘱锁好门。那夜庄序与同学小聚，想起聂曦光曾说会等他，如今见她身边已有旁人，闷头喝了许多酒。

次日清早，林屿森来电约早餐。他早已候在大厅，衣着整洁。聂曦光好奇无锡婚礼都在中午，为何这么早。他微笑：“什么时段我都行。”见她喝牛奶吃面包，他说：“我可以改习惯。”出门时他换了辆豪车，笑说是为落实她“帅气些”的要求。

酒店门口遇见庄序与叶容。老大看看两人，真诚祝聂曦光早日找到幸福。席间叶容借盛远背景暗讽聂曦光能力不足、躲去苏州。聂曦光坦然回击：“家里平台很好。你在盛远有困难可以找我。”几句话压住对方气势。林屿森在桌下轻轻握了握她的手。

庄序坐过来，众人聊起他调任投行部薪资大涨，他谦虚带过。小凤问林屿森专业，得知医转商，赞叹跨度大。聂曦光脱口夸他“全才”，说完自觉不妥，便低头舀了碗汤放到他面前。",,2025-12-25,
278577,1,12,林屿森表白聂曦光,"庄序在敬酒时心不在焉，将酒洒到聂曦光衣袖上。林屿森立即俯身用纸巾帮她擦拭。庄序看在眼里，连罚三杯，席间众人心照不宣。聂曦光去洗手间清理，出来时庄序等在门外。

他问她是否换了号码，又说要赔她衣服钱。聂曦光不悦他依旧分得如此清楚。庄序追问：“你和林屿森在一起了？”她赌气答是。庄序眼神一黯，低声道：“我也找到幸福了。”转身离去。聂曦光眼泪落下。

林屿森此时出现在走廊，递来干净外套。他半开玩笑说这是“趁虚而入的好时机”，却掩不住关切。聂曦光换好衣服回席，宴席已近尾声。

雪中，林屿森提议早回苏州。路上他坦言：“你让我感到充实，我快三十了，对感情很渴望。”聂曦光低头轻声说，自己还未放下庄序，无法立刻开始新感情。她提出回无锡静一静。林屿森看穿她的躲闪，温和道：“喜欢你是我的事，你不必有负担。”

另一边，叶容与庄序爆发争执。她指责他调动工作不告知，追聂曦光出大厅令她难堪。庄序冷然道从未对她承诺过什么。他最介意的是，叶容始终将他视作“打败聂曦光的试金石”，甚至扭曲当年聂曦光借钱的好意。两人至此决裂。

聂曦光回到无锡家中，整夜辗转想着林屿森的表白。次日眼下乌青。周阿姨来访，叮嘱姜云别让女儿谈外地男友。姜云笑说她年纪尚小。聂曦光默默低头。

午后她去看望爷爷奶奶。陪奶奶买菜时遇见钱芳萍的父亲，奶奶语带讥讽。聂曦光静静跟在身后，一言未发。",,2025-12-26,
278577,1,13,聂曦光躲避林屿森,"在乡下，奶奶边挖菜边叮嘱聂曦光找对象要擦亮眼。聂曦光脸红想起林屿森——他也说过类似的话，并表示不急于要答复，愿她享受被追求的过程。回家后，她帮奶奶烧火做饭，听着长辈念叨家中往事。

休假结束回公司，面对林屿森让她心绪不宁。夜里下雪，全员清理光伏板。聂曦光发现林屿森已在楼顶，为避开尴尬，她拼命干活，效率惊人。会后林屿森调整年终奖励，并让聂曦光与殷洁负责联系年会场地。

看场地时，殷洁察觉她状态不对，追问是否在上海发生了不快。聂曦光支吾间，方医生来电约饭。见面后，方医生直白戳破林屿森的心思，鼓励她接受，并称“医学院学妹会羡慕”。饭后他借故离开，让林屿森送她。

两人争着买单，林屿森坚持他已表明心意，不该让她付账。步行回公司时，聂曦光提起陆莎婚礼本未邀请自己，林屿森坦然承认是制造相处机会。聂曦光脱口说“若先认识你就好了”，随即懊恼自己总在他面前慌乱。林屿森为之前表白突兀致歉，聂曦光想起自己曾对庄序说类似的话，便道不必道歉，自己也不再躲。林屿森立即邀她加班。

在二期工地，他拿出平面图，指着旁边一块空地请她以股东身份提建议。聂曦光提议建一座光伏小花园，他欣然采纳，交给她落实。她随即对接工程部，学习相关细节，忙得焦头烂额。殷洁关心询问，她自嘲在“员工与老板”身份间切换，殷洁却听不明白。

公司食堂招标，需各部门派人试吃投票。管理部准备抓阄时，林屿森正巧路过，主管便提议：“领导也加一票吧。”",,2025-12-26,
278577,1,14,聂曦光陪林屿森出差，证实恋情,"食堂承包商试吃抓阄时，聂曦光抽到白纸，林屿森却直接宣布她中选。殷洁追问，聂曦光只说是“上司谦让”。试吃现场，两人同桌，口味偏好不同却共用一票。最终聂曦光喜欢的承包商落选，林屿森私下表示可以带她去那家店吃饭。

聂曦光负责的光伏小花园项目推进顺利，林屿森赋予她作为股东的决定权。一次会议后，他邀请她同去广州考察玻璃供应商。殷洁按捺不住好奇，聂曦光终于坦然承认：“他在追求我。”

当晚她发信息让林屿森“加油”，他立刻来电确认关系。第二天机场，恐飞的聂曦光才懊恼“色令智昏”。

在广州，供应商武总提起曾因莫总散布谣言而终止合作。聂曦光告知莫总已下台。考察结束，林屿森邀她逛街。聂曦光因手机内存不足买了新机，导入软件时只保留了通讯录。新微信刚下载，林屿森便发来好友申请。

回到酒店，同事陈总委婉提醒办公室恋情的压力，分享自身遭遇。聂曦光感谢她的好意，却说：“顺其自然吧，也不希望双远有闲言碎语。”陈总闻言微怔，觉得她话里透出几分老板的笃定。",,2025-12-27,
278577,1,15,林屿森陪聂曦光广州游玩,"聂曦光对林屿森坦言已向同事陈总透露两人关系。林屿森不以为意，反觉省事。她虽不解，他亦未多言。因聂曦光恐飞，他让其他同事乘机返苏，自己陪她改乘火车。

送走同事后，聂曦光提议在广州多留一日适应飞行，实则想游玩。林屿森欣然应允。他们买了手机壳，随后聂曦光出人意料地决定再访琦彩玻璃厂，实地考察光伏建筑。她详细询问结构与成本，并留了工作人员联系方式。林屿森在一旁拍照、拎包，被问及时，聂曦光笑称是“项目责任制”，老板给负责人打下手。

事后，她欲购专业书籍补课，林屿森表示可将自己的书赠她，坦言自己也是转行后恶补。两人打卡多家美食，深夜聂曦光想起漏了一家烧鹅店，林屿森立刻陪她前往。

次日登机前，林屿森才亮出“惊喜”：他上午采购了各种她提过的美食，供飞行时缓解紧张。遇气流颠簸，聂曦光下意识抓住他的手，片刻后慌忙松开。林屿森便拿出小吃与她分享。落地后，他将余下小吃打包，提醒她可作送给上海朋友的伴手礼，笑称要“逐个攻破”她的朋友。

聂曦光执意独往平安寺还愿，撤销之前“希望他消失”的愿望，转而祈他平安。出寺后林屿森察觉她神色有异，她只答：“愿望里有你。”

另一边，华亚银行因庄序此前对日芒能源的风险预警，避过一劫。盛仲凯为他记功，同事克丽丝道歉，庄序淡然处之。部门聚餐时，弟弟庄非来电，克丽丝误以为是他女友。

聂曦光返苏后完成光伏小花园的两套方案。林屿森支持她提出的、更前沿但成本较高的一体化建筑方案，认为其兼具员工福利与示范价值。但在工程推进会上，财务提及大股东“远程”的前期资金仍未到位，令聂曦光颇为尴尬。不久，弟弟姜锐来电商讨过年度假计划，聂曦光的生活在公私交织中继续前行。",,2025-12-27,
278577,1,16,聂曦光替同事解决矛盾,"庄非见姜锐朋友圈发长白山滑雪动态，心生向往，便邀哥哥庄序同去。恰逢庄母身体稍好，也愿出门。与此同时，克丽丝与同事原计划去北海道，见庄序改道长白山，便一致决定同往。

聂曦光与同事布置年会现场时，同事阿如的箱子不慎刮破一路人衣物，对方索赔。聂曦光上前调解，发现熟人念媛（钱芳萍之女）在对方一行人中。念媛表面说和，聂曦光则坚持调监控厘清责任。一位赵总出面打圆场，聂曦光未接名片，选择自担损失。事后，念媛向母亲钱芳萍提及此事，钱嘱咐女儿多在聂程远面前说聂曦光好话以讨其欢心。

当晚聂曦光与林屿森吃饭时谈及此事，自省是否冲动。林屿森肯定了她的做法，认为正是她的坚定才避免了后续纠缠。

年会热闹纷呈，林屿森与张总现场写对联。抽奖环节，殷洁、万羽华未中期待的带薪休假大奖，有些扫兴。散场后林屿森开车路过，提出送三人回宿舍，殷洁识趣拉走万羽华，留聂曦光独处。路过喜庆的水街，两人下车散步，聊起过年计划：林屿森将去北京与回国的母亲团聚；聂曦光则计划与舅舅家赴长白山滑雪。林屿森提及自己常年在瑞士滑雪，颇有经验。走在桥上，他感慨以往重效率，如今却觉得“慢下来了解一个人”也很好。

大年初一，聂曦光回乡下陪爷爷奶奶吃饭。电话中得知父亲聂程远正与钱芳萍在一起，爷奶不悦，决定先开饭。聂程远迟到后，问起聂曦光在苏州的工作，认为光伏行业前景有限，再次劝她回无锡自家公司实习。",,2025-12-28,
278577,1,17,聂曦光庄序雪场相遇,"聂程远不满聂曦光假期太短，奶奶却护着孙女，支持她多出去玩。姜锐来接聂曦光时，察觉她因父亲疏远而不快。

除夕夜，林屿森发来新年祝福。林妈妈见他常看手机，猜他恋爱了。原定去崇礼滑雪的计划，因林屿森提议改为了长白山。

聂曦光一家抵达长白山。路上她与姜锐嬉闹斗嘴，姜平笑称姐弟俩和自己小时候一样。林屿森发信息与她讨论光伏小花园的命名，姜锐见状调侃她在和男友聊天。聂曦光发了张雪景照片给林屿森，他只回了句“谢谢”，让她有些莫名。

次日，年轻人们去滑雪。在租装备的商店，聂曦光意外遇见庄序与同事克丽丝。她急忙躲进试衣间。姜锐见庄序与克丽丝同行，担心姐姐难受，试图转移话题。聂曦光疑惑为何未见叶容。

滑雪时聂曦光动作生疏，全靠姜锐搀扶。克丽丝认出聂曦光，请她帮忙拍合照。姜锐抢过手机拍完，又请庄序为姐弟俩拍一张。庄序透过镜头凝视聂曦光时，林屿森的短信恰好弹出，他沉默着归还了手机。

晚上，华亚投行部几人玩真心话大冒险。庄序被问及是否有喜欢的人，他避而不答，罚酒一杯。出门醒酒时，克丽丝跟出来道歉，坦言在雪场看出他与聂曦光有故事。恰逢聂曦光姐弟路过，庄序望着她的背影，低声道：“没有过往了。她已经有男朋友了。”

回到房间，弟弟庄非来电笑问“惊不惊喜”，庄序才明白此行是弟弟故意安排。他叹了口气，让庄非别再胡乱撮合。窗外雪落无声，长白山的夜晚格外清冷。",,2025-12-28,
278577,1,18,林屿森雪场制造浪漫,"聂曦光回到房间后，姜锐正为次日要教三位零基础长辈滑雪而发愁。各自回房，聂曦光翻看庄序拍的照片，心里别扭。洗澡后查看手机，竟发现林屿森发来一张与她窗外一模一样的雪景照片。她心跳加速，跑出门，果然看见林屿森站在雪地里，手捧一个小雪人递给她。原来她昨日发的照片泄露了地点。姜锐跟出来，聂曦光忙称林屿森是“新请的教练”。姜锐看着两人眼神，心下狐疑。

次日，林屿森与另一教练小胡早早等候。聂曦光这才后悔让林屿森如此突然见到家人。舅妈误以为是小胡介绍的教练，聂曦光急忙圆场说是网上找的兼职。教学时，她特意让林屿森教自己。长辈们刚学会基础动作便兴奋合影，姜锐见状，独自滑开。

聂曦光掌握要领后，林屿森欲先试初级滑道坡度，让她在索道旁等候。此时庄序一行人也来上索道。为避尴尬，聂曦光慌忙滑开却乱了手脚，眼看要摔倒，径直跌入林屿森怀中。远处的克丽丝发出羡慕惊叹，庄序面色一沉，转身离去。林屿森随后带聂曦光滑完全程，并为她拍照。

晚餐时，舅妈听出林屿森非本地口音，好奇追问。得知他在苏州工作，聂曦光急忙岔开话题。恰逢盛惟爱（林母）路过，佯装学员进来打招呼。林屿森只得向聂曦光一家介绍家人。姜云认出了盛惟爱，立刻明白林屿森身份。

回房后，长辈们围住聂曦光询问。她坦白林屿森是双远的管理者，自己的上司。姜平对林屿森印象颇佳，但提醒聂家关系复杂，需多了解。

盛惟爱对聂曦光十分满意，当晚向儿子道出多年心结：她当年主动追求林父，婚后幸福。但因丈夫才干出众，反衬盛家儿子无能，遭联手排挤，被调至偏远地区三年后客死异乡。盛先民虽知情却默许，此事成为她与娘家疏远的根源。林屿森首次听闻父亲往事，心中五味杂陈。",,2025-12-29,
278577,1,19,林屿森姜锐滑道比拼,"聂曦光想着林屿森的身世，心中泛起疼惜，却不知如何安慰。她发信息佯装生气，责备他“破坏规则”，又以惩罚为由邀他夜游。两人遇见饲养员牵鹿经过，聂曦光欢喜喂食，林屿森在一旁温柔注视。之后她点燃烟花，与林屿森静静同看。姜锐发现烟花少了，信息询问，并向林屿森发起高级滑道挑战。

赛后，林屿森送给聂曦光一个亲手捏的、模仿她滑雪姿态的小雪人。次日姜锐提议比赛，声称若林屿森输就停止追求聂曦光，被林屿森断然拒绝。姜锐注意到林屿森定制的滑板，林屿森表示可帮他定制，姜锐笑拒：“姐姐没点头前，不敢收礼。” 比赛以林屿森险胜告终。聂曦光欲去初级道练习，林屿森坚持陪同并带她尝试中级道。姜锐私下提醒姐姐“谈恋爱要讲技巧”。

另一边，姜云与盛惟爱喝茶。两位母亲见子女相处融洽，均表示不干涉，盛惟爱感慨“不干涉就是最大的肯定”。

当晚，聂曦光向母亲请教光伏小花园的落地与成本控制。姜云建议将部分空间提前外包经营以补充现金流，并沿用二期厂房承包商以合理压价。谈及远程集团迟迟未注资，姜云解释乃行业波动导致聂程远犹豫，并提醒女儿：“商业逐利，但需平常心。”

假期最后一日，姜锐早早约上林屿森，决心尽兴而归。在中级滑道上，庄序从同事口中得知，聂曦光正与林屿森在一起。",,2025-12-30,
278577,1,20,林屿森协助手术，聂曦光担心生气,"凯文在中级滑道被玩特技的滑雪者撞至昏迷，恰逢林屿森路过，他立即进行了专业急救，使凯文恢复意识，并随救护车前往医院。庄序随后赶到。

医院廖主任认出林屿森，因县级医院条件有限且患者情况危急，他恳请林屿森入手术室指导。林屿森出示医师资格证，庄序代家属签字。手术室外，克丽丝等人焦急等待。手术进行时，林屿森望着熟悉场景，心中泛起作为医者的失落。

聂曦光滑雪中途发现手机关机，与姜锐在便利店充电等候林屿森。开机后却无法接通，又听闻高级滑道出事，她心中不安。在医务室见到林屿森定制的滑板，误以为他受伤，急忙与姜锐赶往医院。

手术成功，林屿森与廖主任走出。聂曦光冲上前，得知他无事才松口气。此时姜云来电，告知盛惟爱早知此事。聂曦光顿觉委屈——林屿森有时间告知母亲，却未及时联系自己，害她担惊受怕。她沉下脸质问后，转身打车离去。

林屿森独自返回雪场，不断拨打电话均被拒接。酒店里，姜锐煮了泡面，观察着姐姐仍未平复的情绪，轻声说：“你这次对他，好像格外严厉。”",,2025-12-31,
278577,1,21,聂曦光原谅林屿森,"聂曦光正闷坐生气，姜锐告知林屿森携烟花在外。她故意不理。林屿森未敲门，只坐在台阶上发来截图——下午的信息因网络问题均未发送成功。聂曦光见状气消大半，出门见他。

林屿森当面道歉，坦言事发紧急未及细察，又低声说不知她是否会为自己担心。聂曦光看他诚恳，又见两大箱烟花，心已软下。她回房取打火机时，姜锐急使眼色，暗示勿太快原谅以免被动。她迟疑一瞬，却想起林屿森再不能执手术刀的遗憾，终抛开了“端架子”的念头。

烟花绽放下，林屿森眼中忧郁未散，聂曦光未察，笑着递去仙女棒。他神情一振，邀姜锐同吃火锅，气氛终融。

那晚林屿森回房后忽然抱住母亲盛惟爱，身体微颤，似有重负释然。盛惟爱虽不解，却感欣慰。

华亚几人因凯文住院气氛低沉。庄序留下照看，克丽丝见他负责善良，爱意愈深。庄序收拾行李时，聂曦光与林屿森同滑的景象挥之不去。他撑伞至聂曦光酒店外，编辑信息问她与林屿森关系，最终却一字未发。

次日，林屿森随家人返京前，特去医院探视凯文，遇庄序，两人简单致意。聂曦光收拾行装，将小雪人仔细拍照留念。

林屿森抵沪后探望外祖父盛先民。姚淑芬（盛伯凯妻）有意散播盛惟爱不探父的消息。盛先民只问女儿安好，便让林屿森早回苏州。盛伯凯厌妻所为，起身寻访恰至上海的聂程远。",,2026-01-01,
278577,1,22,聂曦光得知林屿森受伤原因,"聂曦光返回苏州后，将林屿森支持光伏小花园方案的态度转达给工程部花总，并传达了林屿森重长远收益的考量。花总担忧成本可能超支，聂曦光则予以宽慰。

元宵节前，林屿森邀聂曦光至公寓取专业书籍，并准备晚餐。聂曦光注意到书桌上的黄豆，林屿森解释为手部复健所用。她心有所感，轻握其手后却又赧然收回。

聂程远催促女儿回无锡过节未果，遂亲赴苏州。他严肃告诫聂曦光，称林屿森因在盛家失势才意图攀附聂家产业，更提及三年前林屿森为追求“马念媛”（实为钱芳萍之女念媛）赴约途中遭遇车祸，因而结束医者生涯。聂曦光大受震动，当即寻林屿森对质。

林屿森闻言愕然，坚称不识“马念媛”，并解释道：当年是受好友邵家琪转告，称聂程远之女邀其赴无锡赏梅，他因曾在聂家寿宴上与聂曦光有一面之缘，方才欣然前往。为澄清误会，他当即联系邵家琪，携聂曦光当面对证。

真相由此大白：当年邵家琪口中“聂程远女儿”的邀约实为一场误会，邀约者实为念媛，邵家琪近期方知其中曲折。聂曦光心中波澜翻涌——原来林屿森那年驱车前往，所想所见之人竟是自己，那场改变他人生轨迹的车祸，竟也缘起于此。",,2026-01-01,
278577,1,23,误会澄清，林屿森独自外出散心,"聂曦光下车后立即致电聂程远。聂程远以为她是来质问，再次告诫她人心险恶。聂曦光却平静道出真相：林屿森当年是为赴“聂程远女儿”之约才遇车祸，而发出邀约的实为冒充身份的马念媛。聂程远忆起当年马念媛只含糊提及追求者出事，却从未澄清自己冒充之事，怒火中烧，直奔钱芳萍处对质。

面对质问，马念媛辩称是朋友误解。聂程远想到因此事受损的项目，气恼不已。他离开后，钱芳萍转而责备女儿错失良机——未能在林屿森脆弱时把握住他，并传授“要示弱俭朴”以维系聂程远怜惜的算计。

冷静后，聂程远转账给聂曦光作补偿。姜云察觉异常询问，聂曦光避而不谈。

次日，聂曦光得知林屿森已出差。她满心愧疚，不敢探问其去向。此刻林屿森正自驾于敦煌武威，考察光伏产业。他帮助一支受困的勘探队回城，受邀共进晚餐并入住其介绍的民宿。

在民宿，林屿森取了几张明信片，决定给聂曦光写信。他忆起初见她那日：一场他本不愿参加的晚宴，聂程远带着马念媛出席，当有人误认马念媛而递名片时，角落里的聂曦光径直上前夺回了名片——那个鲜亮又莽撞的瞬间，就此烙入他心底。",,2026-01-02,
278577,1,24,互表心意，开启甜蜜恋爱,"双远公司的“留光花园”方案已通过，只待林屿森归来即可动工。聂曦光代花总出席行业讲座后，收到门卫转交的邮件——是林屿森自敦煌寄来的明信片与长信。信中他细致描摹了与她的初遇：那年宴会上，她为维护母亲姜云，当众撕碎他人递给聂程远的名片。那个鲜亮决绝的身影，自此烙印在他心底。

读完信，聂曦光驾车重走了林屿森当年出事的那段高速。愧疚如潮涌来，她拨通电话。林屿森正在北京，准备次日返苏。她坚持让他无锡下车，自己去接。

次日清晨，聂曦光提前到站，悄悄跟在出站的林屿森身后，直到他察觉转身。她拆穿他谎报了车次时间——只为不让她早起。她带的早餐小笼包已凉，两人在餐厅加热后吃完，她执意带他游玩。

本欲去梅园，却迷路至几棵野梅树下。林屿森说，这算是迟了三年的赴约。聂曦光却无感动，反带嗔责：“你当初若问清楚，就不会认错人。” 林屿森坦言，离开长白山后本欲再求证，却因怕面对“因一个无关之人断送职业生涯”的荒谬现实而远走敦煌。他苦笑：“若没有误会，或许我们早已在一起。”

这番话消散了聂曦光最后的犹豫。她正式接受了他的追求——这份感情并非源于愧疚，而是在朝夕相处中自然生长出的确信。

回程车上，林屿森握着方向盘。聂曦光问：“还去梅园吗？” 他望向窗外掠过的梅枝，微微一笑：“刚才那几棵，就是我心里最好的梅园了。”",,2026-01-02,
278577,1,25,聂曦光林屿森一起听讲座,"庄序与同事探望康复中的凯文。凯文母亲再三感谢，尤其提及林屿森的及时救治。庄序私下询问凯文是否记得事发前关于林屿森追求聂曦光的谈话，凯文却因片段性失忆毫无印象。

另一边，聂曦光与林屿森同游小吃街。她致电母亲姜云，未及开口，姜云已猜到她正与林屿森在一起。林屿森联系方医生欲分享喜讯，方医生欣然应约，聂曦光因次日有讲座将约期推后。当晚，两人坐在古街台阶分享小吃，聂曦光给弟弟姜锐发去信息：“找到了属于我的‘不动产风景’。”

送林屿森至火车站时，他伸手让她在自己掌心写下名字，笑称“这样就有了真正的不动产”。归家后，姜云见女儿满面欢喜，将叮嘱的话咽了回去，只觉她自有恋爱的好运气。

次日，两人同往大学听光伏产业讲座。林屿森特意梳了略显稚气的“锅盖头”，惹得聂曦光一路发笑。礼堂满座，他们坐在过道台阶上。林屿森铺开外套让聂曦光坐，自己则将她递来的外套抱在怀里。讲座内容令聂曦光深受启发，林屿森亦结合西北考察见闻，认同光伏市场的广阔前景。

午间在食堂，林屿森的出众外貌引得阿姨多给排骨，周围学生窃语猜测他是老师。聂曦光俏皮唤他“林老师”，两人笑闹互怼，心情明媚。她不仅因恋爱欣喜，更因公司发展思路与讲座方向一致而对未来充满期待。

回到公司，林屿森给殷洁带了无锡大阿福作礼物。在殷洁的追问下，聂曦光眉眼弯弯，坦然承认已与他正式相恋。",,2026-01-03,
278577,1,26,聂曦光为林屿森撑场面,"林屿森从会议室走出，与聂曦光目光相触时相视一笑。殷洁在旁看得直呼“太甜”。当晚，林屿森请殷洁、万羽华吃饭，坦言次日将赴广州与武总签订采购合同，并计划更新设备以提升光伏转换率。送聂曦光回宿舍时，他愧疚于刚恋爱便要出差，聂曦光却温言安慰：“出差也是为聂家49%的股份服务。”林屿森笑着在她额头落下一吻。

他出差期间，聂曦光忙于调研竞标材料，却难获有效信息。林屿森发来简历戏称是“产品说明书”，她也回发一份，他答“早已看过”。她原想在光伏小花园增设循环发电设备，因预算有限只得作罢。

舅妈来电询问恋情，得知林屿森出差，印象更佳。她提及周六盛先民八十大寿，姜平亦受邀。聂曦光表示即便参加也不会以林屿森女友身份提前公开。林屿森在电话中告知深圳谈判需延期，将直接赴沪参加寿宴，此次宴席盛大，盛先民将宣布继承人。

为给林屿森惊喜，聂曦光最终随姜平出席寿宴。当日林屿森甫入大厅即成焦点。盛行杰随盛先民出现时，众人窃议其能力不及林屿森，却占尽出身优势。盛行杰向林屿森敬酒时刻意为难。聂曦光见此情景，想到若非当年车祸，林屿森仍是出色外科医生，何须受此眼色，便不再犹豫，径直走到他身旁。

林屿森惊喜问她为何不提前告知，她笑答“就是要惊喜”。两人一同向姜平致意。盛仲凯见小辈相恋，笑言双远日后必更热闹。最终，林屿森与聂曦光携手向盛先民拜寿，成为全场瞩目中心。

另一边，庄序与同事探望已近痊愈的凯文。凯文母亲再三感谢林屿森当日及时救治。庄序私下问凯文是否记得事发前关于“林屿森追求聂曦光”的谈话，凯文却因片段性失忆毫无印象。",,2026-01-03,
278577,1,27,盛先民赠送林屿森双远股份,"宴后，林屿森牵着聂曦光到一楼透气。方才她在席间的挺身而出令他心底温热潮涌，他低头在她脸颊落下轻轻一吻。两人都为这首次公开的亲密感到一丝快意。林屿森目光坚定地告诉她，自己志不在商，待双远步入正轨便会重返医学领域。

回程车上，姜平给妻子打电话，说聂曦光次日不与自己同回无锡，“有人给她当司机”。他特意叮嘱女儿须在午夜前回家。

聂曦光并无饿意，两人便沿黄浦江散步。林屿森虽饮了酒却步履沉稳，笑言自己从未醉过，日后应酬都可为她挡酒，“只除了一场例外”。聂曦光听出他话中深意，了然微笑。天寒，他邀她去附近家中看儿时照片。

在他家中，林屿森端出她爱吃的点心——竟是上次出差时默默记下的喜好。聂曦光却急于翻找相册，只在书房寻得几张他大学时顶着锅盖头的青涩照片。他解释童年相册都在乡下老宅，承诺日后带她去看。一本旧书滑落出一张课程表，林屿森拾起，说起往事：父亲去后，盛家盼他学商，叛逆之下他偏选了医；毕业后因一场交流会偶遇外祖父，遂被带去宴会，由此初见聂曦光；车祸后被迫转入商界，从基层做起，后因化解盛行杰刁难展现能力，方被派至双远。然而心底最爱的仍是医学，天池医院的经历更坚定了回归的决心。聂曦光目光晶亮，满是钦佩与支持。

送她归家时，林屿森提及留学时的教授正邀他参与脑机接口研究，她欣然点头。

盛先民对寿宴上盛行杰为难林屿森之举大为光火，严词斥责盛伯凯夫妇，罚盛行杰面壁。随后，他召见林屿森，关切询问广州之行，听罢二期扩建规划后甚为满意，直言欲将名下双远股份全数赠予外孙。林屿森婉拒，重申志在医学。盛先民却道赠股不妨碍其志，且“近三十岁，该有家业了”。

盛伯凯得知股份转让，急电聂程远，责怪其未管好女儿，令聂曦光助林屿森抢了盛行杰风头。聂程远方知女儿竟出席了寿宴。盛伯凯透露，两人原计划变卖双远各谋其利，现盛先民赠股，他不便再动，要聂程远“坚持立场”。此外，盛行杰被派负责苏州一数字项目，盛伯凯请聂程远暗中助力。

挂断电话，聂程远心烦意乱。钱芳萍近前温言劝慰，反令他更觉其在事业上毫无助益。钱芳萍察言观色，忙又替女儿马念媛认错，神色小心翼翼。

另一边，庄序与同事探望即将痊愈的凯文。凯文母亲再三感激林屿森当日急救之恩。庄序私下问凯文可记得出事前关于林屿森追求聂曦光的谈话，凯文却因片段性失忆，茫然无印象。",,2026-01-04,
278577,1,28,聂程远阻止股份转让,"钱芳萍在家中撤下香炉，低声抱怨聂程远愈发难伺候，尤其得知姜云分走半数财产后更觉不忿。另一边，马念媛见好友投资获利，心动加入，渴望摆脱依附的生活。

聂曦光正与竞标公司激烈议价。她凭借详尽的市场调研，对利润空间了如指掌，砍价寸步不让，对方只得表示再考虑。

当晚，聂曦光与殷洁、万羽华吃火锅时，林屿森来电邀夜宵。席间他分享消息：市里将建光伏发电示范基地，中标者可得项目与资金支持。聂曦光眼睛一亮，决定全力争取。

施工合同很快签订。开工仪式上，姜云意外出席，并指定林屿森与聂曦光陪同参观。在实验室，花总兴奋告知光电转换率提升了5%。聚餐时，陈总直言眼下难题：盛伯凯执行盛先民决定的股权转让（将双远股份转予林屿森），需半数以上股东同意，而聂程远迟迟不签。

聂曦光担忧是否因自己恋情受阻，林屿森安慰她盛先民决定的事终会落实。两人关系愈密，微信头像也悄悄换成了相配的“小树”与“阳光”。

姜云为此事专程找聂程远。聂程远认为光伏行业不盈利，离了盛先民支撑必亏，打算卖掉股份。姜云提出用自己在远程的股份交换。聂程远提醒她慎重：“日后若曦光与你我不亲，别忘今日选择。”

姜云咨询律师后，致电聂曦光说明交换股份的打算。聂曦光一听，急忙劝阻：“妈，千万别冲动。”",,2026-01-04,
278577,1,29,林屿森决定转战医学领域,"姜云向聂曦光坦言，决定用远程股份交换聂程远所持双远股权，是深思熟虑的结果。她厌倦了离婚后为证明“贤淑”而强作的闲适，长白山那次与女儿讨论公司策略，反而点燃了她沉寂已久的斗志。聂曦光支持母亲，并提及幼时姥姥姥爷常赞母亲“有凌云志”，姜云闻言，眼中泛起欣慰的泪光。

股权变更手续办妥当夜，聂曦光在林屿森办公室送资料，关灯转身便落入他温暖的怀抱。亲昵后，她匆匆赶去与殷洁、万羽华的火锅约，并为连日“重色轻友”道歉。席间，殷洁谈起林屿森获股成为大股东，聂曦光终于坦白自己母亲亦是股东。殷洁与万羽华虽惊，却为她坦诚而感动。

周末，聂曦光陪林屿森赴沪参加学术沙龙。林屿森与恩师席教授会面，教授力邀他加入国内的脑机接口研究团队。林屿森欣然接受，并分享与聂曦光相恋后心结得解，重拾医学理想的喜悦。教授夫妇为他由衷高兴。

另一边，思靓生日将至，卓辉邀庄序同庆。庄序因已应承同事克丽丝的生日聚会而婉拒。思靓稍感庆幸——她知聂曦光也会来，怕场面尴尬。当年毕业前，她曾酒后向聂曦光吐露自己也暗恋庄序，却与叶容一样因顾虑家境而未敢言明。这份隐秘心事，至今仍是心上一道浅浅的痕。",,2026-01-05,
278577,1,30,聂曦光果断拒绝庄序,"生日宴后，庄序从克丽丝处得知聂曦光与林屿森当时尚未正式交往，心中重燃希望，直奔思靓的唱K聚会。聚会上，聂曦光忙于回林屿森信息，对周遭不甚留意。庄序唱罢一曲深情的《信仰》，聂曦光五味杂陈却未抬头。她率先离开，庄序追至电梯口。

他问现在表白是否还来得及。聂曦光摇头：“我已经和林屿森在一起了。”庄序痛诉命运弄人，聂曦光却冷静反问：当年她表白前曾问过叶容，得知他们只是邻居；后来被误解也曾解释，庄序收到了却未回复。庄序的神色默认了这一切。聂曦光觉得心中块垒尽消，决绝地关上了电梯门。

庄序沿楼梯狂奔追上，拉住她诉说长白山时的煎熬与不甘。聂曦光甩开手：“不管过去怎样，我现在选了他。你当初有无数次机会，却总在犹豫。”她直言庄序的迟疑源于“有恃无恐”，而林屿森“从表白那一刻起，我就认定了”。同学们陆续出来，聂曦光转身上车离去。

她独自坐在展厅门外，林屿森悄然出现。她扑进他怀里，像找到归途。回苏州路上，林屿森聊起教授夫妇的往事，并规划未来：待公司稳定便加入教授的科研团队。聂曦光听着轻柔音乐，忽然唤他名字却未多言，林屿森亦体贴不问。

翌日，林屿森向聂曦光同步日程时，提到沈舒公司将带团队来双远参观“光伏小花园”以汲取数字媒体项目灵感。聂曦光默默记下，新一日的工作在平静中开始，昨日的波澜已沉淀为心底一声轻轻的叹息。",,2026-01-05,
278577,1,31,聂曦光林屿森奚落盛行杰,"沈舒带团队至双远，介绍成锐公司正竞标风腾项目，对手包括盛远等强企。她希望借鉴光伏小花园技术方案。聂曦光欣然支持合作，花总愿尝试适配大项目的技术方案。林屿森坦言风腾项目由盛行杰负责，自己乐见其面临挑战。聂曦光认为参与本身即是宝贵机会。

考察项目地址时，遇盛行杰带团队在场。盛行杰语带讥讽，聂曦光与林屿森从容回应，未露竞标底细。盛行杰疑心林屿森暗中助力，让叶容设法探听。

华亚银行内，谣言渐起：称长白山度假时庄序与凯文为争克丽丝致凯文受伤，庄序留院照顾是为攀附凯文人脉。庄序深受其扰，方真切体会昔日聂曦光被误解的滋味。他寻姜锐饮酒，试图澄清旧事。姜锐致电聂曦光提及庄序曾上门寻她之事，聂曦光淡答过去已不再重要，坦言更珍视林屿森如阳光般明朗的感情。

聂曦光下班后与林屿森同逛超市，悄悄购入红豆。至林家下厨时，她将他书房中用于手部复健的黄豆尽数换为红豆。临别前，又将最后一颗红豆放入他掌心。红豆温润，仿若悄然诉说着日复一日的陪伴与新生。",,2026-01-06,
278577,1,32,聂曦光带林屿森回老家做客,"林屿森开始每日给聂曦光工位放上亲手做的红豆点心。两人同往成锐公司商讨风腾项目方案时，聂曦光发现原设计光能利用率不足，私下向舅舅姜平提议将屋顶改为波浪形以契合“乘风破浪”理念，获采纳。返程途中，她又将双远的光伏饰品设计转发，成锐设计师深受启发，再次邀她面谈。

周末在林屿森家中，聂曦光提议“各自看书学习”，片刻又觉浪费相处时光。林屿森笑着放下书吻她。甜蜜间，聂曦光忽生灵感，提议将公司更名为“光屿光伏”，融合两人名字与行业特征，林屿森欣然赞同。

聂曦光接到奶奶电话，得知爷爷常头晕却拒就医，便决定周末返乡，林屿森以医生身份同行。到家后，林屿森迅速诊断出爷爷是耳石脱落，经简单复位治疗症状立消。他又仔细讲解老人的体检报告，并录制健康建议视频以便随时查看。奶奶下厨时，聂曦光拉他在灶间帮忙。席间，邻里闻讯而来，林屿森耐心为多位村民查看体检报告，遇疑难处便连线华山医院专家咨询。

众人未散，又有村民上门——钱芳萍父亲钱大顺借高利贷后失踪，而聂程远是担保人。爷爷闻讯再次头晕，林屿森扶他回房休息，与聂曦光一同安抚村民。聂曦光急电父亲，此时聂程远正开会商议与盛远竞争风腾项目之事，闻讯匆忙赶回。",,2026-01-06,
278577,1,33,聂程远确诊耳神经瘤,"聂程远被送回家后，高利贷债主上门纠缠。面对白纸黑字的欠条和录音证据，他只得致电钱芳萍。钱芳萍在电话中哭诉卖惨，聂程远为免事态扩大影响公司，最终让财务还款。钱大顺随后偷偷找到钱芳萍，慌张告知马念媛竟向他借钱——原来马念媛深陷投资骗局，所谓的“好友”芊芊早已携款消失。

家中，奶奶坚决阻拦聂程远继续做“冤大头”，主张报警。聂程远被烦扰与争执逼至极限，突然晕厥倒地。

送医后，CT检查发现他患有听神经瘤。聂曦光如遭晴天霹雳。林屿森查看影像后安慰道肿瘤尚属良性，但需手术切除。病床前，老两口心疼懊悔，念叨儿子与姜云离婚前身体硬朗，与钱芳萍在一起后却麻烦不断。

聂程远苏醒后，对林屿森的建议不信任，执意联络私人医生。同时，马念媛在苏州发现骗局真相：办公场地是短租，饭店服务员也是“演员”。她失魂落魄告知母亲，钱芳萍再打电话给聂程远时，只听到他愤怒的声音，不敢多言。

私人医生确诊需开颅手术，并推荐两位专家，其中一位是留学归来的林姓青年医生。聂曦光脱口而出：“是林屿森。”钱芳萍因担忧经济来源被切断，急切想见聂程远，却遭拒。得知其他受骗家庭决定报警，为给自己留后路，钱芳萍决定一同报案。

聂程远的手术方案定为邀请德国专家主刀。住院期间，聂曦光让林屿森在楼下等候，自己与奶奶前去探望。恰逢聂程远接到警方立案通知的电话，挂断后竟劈头盖脸责怪聂曦光报警“丢了他的脸面”，并怀疑女儿是担忧财产外流。

聂曦光沉默，奶奶挺身维护，澄清报警并非聂曦光所为。委屈涌上心头，聂曦光终于条条数落父亲多年的偏心：马念媛冒充自己导致林屿森车祸断送职业生涯，父亲却从未深究；自己读书工作多年来受冷落；真相大白后父亲仍偏袒钱芳萍母女。

这一切被门外前来探病的姜云听得清清楚楚。她对聂程远的最后一丝心软化为乌有，恨意陡增。送奶奶回家后，姜云特意邀请聂曦光与林屿森吃饭，想好好安慰这两个被伤害的年轻人。",,2026-01-06,
278577,1,34,聂曦光林屿森协助成锐中标,"姜云留林屿森与聂曦光在家过夜。病房里，聂程远孤身望着天花板，想起二十年前生病时姜云在外奔波、幼女守在床前的光景，而今母子皆疏远，心中空落。

林屿森连日奔波疲惫，姜云让他到客房休息。聂曦光替他铺床时，他轻声说本该在医院陪她面对聂程远。聂曦光为他受委屈而不平，他却只在意她是否见外。他已预先研究手术细节，准备届时与德国专家探讨。两人在厨房、客厅闲聊，聂曦光笑指母亲养的都是易活绿植，让他“找准机会再拍马屁”。

聂程远发来道歉信息，聂曦光心情复杂。林屿森拉她散步，说起高考前父亲骤逝、外公手术时自己的矛盾心境，从此立志不让所爱之人陷于道德困境。次日，奶奶来电为聂程远的误会致歉，并请林屿森协助研讨手术方案，他毫不犹豫应承。

一月后，聂程远手术成功。聂曦光忙于成锐公司竞标，抽空探望康复中的父亲。聂程远提醒她竞标对手强劲，须客观判断。

竞标当日，聂曦光与林屿森送沈舒至会场，遇盛行杰团队。此次盛行杰收敛气焰。林屿森趁机带聂曦光去看一处位于两人工作地点中间的郊区楼盘，为将来打算。返回时，盛行杰怒气冲冲而出，指责林屿森“帮外人损害集团利益”。沈舒随后激动现身——因融入绿色节能理念，成锐险胜。

盛伯凯向盛先民告状，反遭不满。盛先民认为盛行杰缺乏商业敏锐，只堪做安分富家子。聂程远虽未中标，却因女儿挫败盛行杰而觉面上有光，让助手向盛伯凯说些缓和之言。另一边，钱芳萍联系助理交物业费时，聂程远已决心斩断关系，吩咐尽快卖掉别墅。",,2026-01-06,
278577,1,35,光屿二期投产，屡次签署订单,"钱芳萍得知房子要卖，眉头紧蹙。中介带买家看房时，她故意谎称前夫死在别墅里，买家闻言色变，匆匆离去。助理无奈劝说，只要聂程远决定卖，房子迟早留不住。钱芳萍慌了，忙让马念媛收拾东西搬回老房子。马念媛满心不甘，责备母亲让自己跟了聂程远又遭抛弃，难以接受生活落差。钱芳萍气得跺脚，反骂女儿乱投资赔钱才导致如此境地。

叶容向思靓道别，她已辞去盛远工作，将去深圳发展。她坦言盛行杰在盛远落选后迁怒于人，且缺乏实际能力，自己因此离开。思靓欲言又止，叶容轻轻摇头，表示与庄序早已没有牵绊。

聂曦光带林屿森参加家庭庆功宴。姜锐兴奋敬酒，沈舒提起招标当日两人一起买房的事。姜云未曾听说，林屿森便解释为免异地恋，特意选了郊区，虽需跨城通勤，但比上海早晚高峰耗时相差无几，且只为每日见到曦光，不觉得辛苦。姜锐在旁听得认真，笑说要记下来讲给未来女友听。

聂程远发信息祝贺聂曦光助成锐中标，并为女儿自豪。盛先民也并未责备林屿森，还提前告知将赴苏州看望。

盛先民到访后，林屿森谈起将公司改名“光屿”的计划，并表示下半年进科研中心后，拟推行股权激励以发挥人才作用。盛先民让他自行决定，又问及助成锐中标之事。林屿森解释双远需要业绩激励，且盛行杰绝不会与他合作，故选择成锐。盛先民深感欣慰，两人长谈后，林屿森建议培养更有格局的盛行秀。

林屿森陪聂曦光加班，两人约了花总吃饭。他笑说她越来越像工作狂。他们在办公室情不自禁相拥亲吻，爱意满盈。

二期厂房投产后，十月，中标甘肃武威光伏项目的公司举行更名仪式。盛先民与姜云主持揭牌，“双远”正式改为“光屿光伏”。随后，聂曦光拉林屿森到光伏小花园，为名为“留光森林”的花园揭牌——寓意希望他永远陪伴在侧。",,2026-01-06,
278577,1,36,聂曦光林屿森结婚，各成行业翘楚,"光伏小花园里，林屿森想起两人在一起的点点滴滴，忽然设想一辈子相守，便正式向聂曦光求婚，聂曦光不经思索直接答应。

两年后，两人婚礼现场就选在光伏小花园，曾见证两人一起努力奋斗的作品，将来还要更长久陪伴下去。婚后各自深耕于不同领域，光屿光伏经营越来越好，科研中心也不断取得新成绩。

十年后，林屿森终于取得临床试验成功，光屿光伏也已经形成规模化产业，两人互相分享成功的喜讯，生活越来越有滋味。

2028年，女儿小星星入幼儿园，林屿森更加忙碌，智能机器人提醒“老来得子”的林屿森下班后先到幼儿园接女儿，由于小星星没好好吃饭，林屿森已经被聂曦光扣了分，因此林屿森叮嘱小星星一定听话，让自己在妻子眼里不要负分。",,2026-01-06,
